username: user01;conversationId: FT1YYpuWBiqiQH1Z6VBvk;messageid: FT1YYpuWBiqiQH1Z6VBvk|0000002;;
username: user01;conversationId: FT1YYpuWBiqiQH1Z6VBvk;messageid: FT1YYpuWBiqiQH1Z6VBvk|0000002;text: OK->7/10/2017 5:39:46 PM userId: user01;replyToId: FT1YYpuWBiqiQH1Z6VBvk|0000002
username: user01;conversationId: FT1YYpuWBiqiQH1Z6VBvk;messageid: FT1YYpuWBiqiQH1Z6VBvk|0000004;;
username: user01;conversationId: FT1YYpuWBiqiQH1Z6VBvk;messageid: FT1YYpuWBiqiQH1Z6VBvk|0000004;text: OK->7/10/2017 5:39:46 PM userId: user01;replyToId: NV
username: user02;conversationId: GqIMmeRxHqABrvz02ksRvS;messageid: GqIMmeRxHqABrvz02ksRvS|0000002;;
username: user02;conversationId: GqIMmeRxHqABrvz02ksRvS;messageid: GqIMmeRxHqABrvz02ksRvS|0000002;text: OK->7/10/2017 5:39:46 PM userId: user02;replyToId: GqIMmeRxHqABrvz02ksRvS|0000002
username: user02;conversationId: GqIMmeRxHqABrvz02ksRvS;messageid: GqIMmeRxHqABrvz02ksRvS|0000004;;
username: user02;conversationId: GqIMmeRxHqABrvz02ksRvS;messageid: GqIMmeRxHqABrvz02ksRvS|0000004;text: OK->7/10/2017 5:39:46 PM userId: user02;replyToId: NV
username: user03;conversationId: 96CdpIjm7jYIjiBZ9ANhY3;messageid: 96CdpIjm7jYIjiBZ9ANhY3|0000002;;
username: user03;conversationId: 96CdpIjm7jYIjiBZ9ANhY3;messageid: 96CdpIjm7jYIjiBZ9ANhY3|0000002;text: OK->7/10/2017 5:39:47 PM userId: user03;replyToId: 96CdpIjm7jYIjiBZ9ANhY3|0000002
username: user03;conversationId: 96CdpIjm7jYIjiBZ9ANhY3;messageid: NV;;
username: user03;conversationId: 96CdpIjm7jYIjiBZ9ANhY3;messageid: NV;text: OK->7/10/2017 5:39:47 PM userId: user03;replyToId: NV
username: user04;conversationId: 2ujtQr46ihx1bgYHGoJmTI;messageid: 2ujtQr46ihx1bgYHGoJmTI|0000002;;
username: user04;conversationId: 2ujtQr46ihx1bgYHGoJmTI;messageid: 2ujtQr46ihx1bgYHGoJmTI|0000002;text: OK->7/10/2017 5:39:48 PM userId: user04;replyToId: 2ujtQr46ihx1bgYHGoJmTI|0000002
username: user04;conversationId: 2ujtQr46ihx1bgYHGoJmTI;messageid: 2ujtQr46ihx1bgYHGoJmTI|0000004;;
username: user04;conversationId: 2ujtQr46ihx1bgYHGoJmTI;messageid: 2ujtQr46ihx1bgYHGoJmTI|0000004;text: OK->7/10/2017 5:39:48 PM userId: user04;replyToId: NV
username: user05;conversationId: 5srHXuRYGHZ5dGIvIxncnJ;messageid: 5srHXuRYGHZ5dGIvIxncnJ|0000002;;
username: user05;conversationId: 5srHXuRYGHZ5dGIvIxncnJ;messageid: 5srHXuRYGHZ5dGIvIxncnJ|0000002;text: OK->7/10/2017 5:39:51 PM userId: user05;replyToId: 5srHXuRYGHZ5dGIvIxncnJ|0000002
username: user05;conversationId: 5srHXuRYGHZ5dGIvIxncnJ;messageid: 5srHXuRYGHZ5dGIvIxncnJ|0000004;;
username: user05;conversationId: 5srHXuRYGHZ5dGIvIxncnJ;messageid: 5srHXuRYGHZ5dGIvIxncnJ|0000004;text: OK->7/10/2017 5:39:51 PM userId: user05;replyToId: NV
username: user06;conversationId: 5PZPJlZmIs68B79cylj0MQ;messageid: 5PZPJlZmIs68B79cylj0MQ|0000002;;
username: user06;conversationId: 5PZPJlZmIs68B79cylj0MQ;messageid: 5PZPJlZmIs68B79cylj0MQ|0000002;text: OK->7/10/2017 5:39:51 PM userId: user06;replyToId: 5PZPJlZmIs68B79cylj0MQ|0000002
username: user06;conversationId: 5PZPJlZmIs68B79cylj0MQ;messageid: 5PZPJlZmIs68B79cylj0MQ|0000004;;
username: user06;conversationId: 5PZPJlZmIs68B79cylj0MQ;messageid: 5PZPJlZmIs68B79cylj0MQ|0000004;text: OK->7/10/2017 5:39:51 PM userId: user06;replyToId: NV
username: user07;conversationId: GfOlmRbXTSVB5iqBUQRTBv;messageid: GfOlmRbXTSVB5iqBUQRTBv|0000002;;
username: user07;conversationId: GfOlmRbXTSVB5iqBUQRTBv;messageid: GfOlmRbXTSVB5iqBUQRTBv|0000002;text: OK->7/10/2017 5:39:52 PM userId: user07;replyToId: GfOlmRbXTSVB5iqBUQRTBv|0000002
username: user07;conversationId: GfOlmRbXTSVB5iqBUQRTBv;messageid: GfOlmRbXTSVB5iqBUQRTBv|0000004;text: OK->7/10/2017 5:39:52 PM userId: user07;replyToId: NV
username: user08;conversationId: L1i7hMdEj5i9sy9vLH49wB;messageid: L1i7hMdEj5i9sy9vLH49wB|0000002;;
username: user08;conversationId: L1i7hMdEj5i9sy9vLH49wB;messageid: L1i7hMdEj5i9sy9vLH49wB|0000002;text: OK->7/10/2017 5:39:54 PM userId: user08;replyToId: L1i7hMdEj5i9sy9vLH49wB|0000002
username: user08;conversationId: L1i7hMdEj5i9sy9vLH49wB;messageid: L1i7hMdEj5i9sy9vLH49wB|0000004;;
username: user08;conversationId: L1i7hMdEj5i9sy9vLH49wB;messageid: L1i7hMdEj5i9sy9vLH49wB|0000004;text: OK->7/10/2017 5:39:54 PM userId: user08;replyToId: NV
username: user09;conversationId: 5HiWQF1Gq8m1g6XXkDL9rU;messageid: 5HiWQF1Gq8m1g6XXkDL9rU|0000004;;
username: user09;conversationId: 5HiWQF1Gq8m1g6XXkDL9rU;messageid: 5HiWQF1Gq8m1g6XXkDL9rU|0000004;text: OK->7/10/2017 5:40:04 PM userId: user09;replyToId: NV
username: user09;conversationId: 5HiWQF1Gq8m1g6XXkDL9rU;messageid: NV;;
username: user09;conversationId: 5HiWQF1Gq8m1g6XXkDL9rU;messageid: NV;text: OK->7/10/2017 5:40:04 PM userId: user09;replyToId: 5HiWQF1Gq8m1g6XXkDL9rU|0000002
username: user10;conversationId: 12hZb3uzth4Kefv0nP38SC;messageid: 12hZb3uzth4Kefv0nP38SC|0000004;;
username: user10;conversationId: 12hZb3uzth4Kefv0nP38SC;messageid: 12hZb3uzth4Kefv0nP38SC|0000004;text: OK->7/10/2017 5:40:04 PM userId: user10;replyToId: NV
username: user10;conversationId: 12hZb3uzth4Kefv0nP38SC;messageid: NV;;
username: user10;conversationId: 12hZb3uzth4Kefv0nP38SC;messageid: NV;text: OK->7/10/2017 5:40:04 PM userId: user10;replyToId: 12hZb3uzth4Kefv0nP38SC|0000002
username: user11;conversationId: dJyqDqQ5NKAKscZgKP1Ml;messageid: dJyqDqQ5NKAKscZgKP1Ml|0000004;;
username: user11;conversationId: dJyqDqQ5NKAKscZgKP1Ml;messageid: dJyqDqQ5NKAKscZgKP1Ml|0000004;text: OK->7/10/2017 5:40:04 PM userId: user11;replyToId: NV
username: user11;conversationId: dJyqDqQ5NKAKscZgKP1Ml;messageid: NV;;
username: user11;conversationId: dJyqDqQ5NKAKscZgKP1Ml;messageid: NV;text: OK->7/10/2017 5:40:04 PM userId: user11;replyToId: dJyqDqQ5NKAKscZgKP1Ml|0000002
username: user12;conversationId: JJjG0UgwJnvENGcC4WZpuK;messageid: JJjG0UgwJnvENGcC4WZpuK|0000004;;
username: user12;conversationId: JJjG0UgwJnvENGcC4WZpuK;messageid: JJjG0UgwJnvENGcC4WZpuK|0000004;text: OK->7/10/2017 5:40:05 PM userId: user12;replyToId: NV
username: user12;conversationId: JJjG0UgwJnvENGcC4WZpuK;messageid: NV;;
username: user12;conversationId: JJjG0UgwJnvENGcC4WZpuK;messageid: NV;text: OK->7/10/2017 5:40:05 PM userId: user12;replyToId: JJjG0UgwJnvENGcC4WZpuK|0000002
username: user13;conversationId: EhdmxFcZPoC5ahyGqI5chJ;messageid: EhdmxFcZPoC5ahyGqI5chJ|0000004;;
username: user13;conversationId: EhdmxFcZPoC5ahyGqI5chJ;messageid: EhdmxFcZPoC5ahyGqI5chJ|0000004;text: OK->7/10/2017 5:40:05 PM userId: user13;replyToId: NV
username: user13;conversationId: EhdmxFcZPoC5ahyGqI5chJ;messageid: NV;;
username: user13;conversationId: EhdmxFcZPoC5ahyGqI5chJ;messageid: NV;text: OK->7/10/2017 5:40:05 PM userId: user13;replyToId: EhdmxFcZPoC5ahyGqI5chJ|0000002
username: user14;conversationId: HGu4Mcl6hE42Bv1bznfx7H;messageid: HGu4Mcl6hE42Bv1bznfx7H|0000004;;
username: user14;conversationId: HGu4Mcl6hE42Bv1bznfx7H;messageid: HGu4Mcl6hE42Bv1bznfx7H|0000004;text: OK->7/10/2017 5:40:05 PM userId: user14;replyToId: NV
username: user14;conversationId: HGu4Mcl6hE42Bv1bznfx7H;messageid: NV;;
username: user14;conversationId: HGu4Mcl6hE42Bv1bznfx7H;messageid: NV;text: OK->7/10/2017 5:40:05 PM userId: user14;replyToId: HGu4Mcl6hE42Bv1bznfx7H|0000002
username: user15;conversationId: 9vekCjtWFuMDUMLijGQ4QI;messageid: 9vekCjtWFuMDUMLijGQ4QI|0000002;;
username: user15;conversationId: 9vekCjtWFuMDUMLijGQ4QI;messageid: 9vekCjtWFuMDUMLijGQ4QI|0000002;text: OK->7/10/2017 5:40:06 PM userId: user15;replyToId: 9vekCjtWFuMDUMLijGQ4QI|0000002
username: user15;conversationId: 9vekCjtWFuMDUMLijGQ4QI;messageid: 9vekCjtWFuMDUMLijGQ4QI|0000004;;
username: user15;conversationId: 9vekCjtWFuMDUMLijGQ4QI;messageid: 9vekCjtWFuMDUMLijGQ4QI|0000004;text: OK->7/10/2017 5:40:06 PM userId: user15;replyToId: NV
username: user16;conversationId: IHt8OlMc9ZQLi7N1c3STM0;messageid: IHt8OlMc9ZQLi7N1c3STM0|0000002;;
username: user16;conversationId: IHt8OlMc9ZQLi7N1c3STM0;messageid: IHt8OlMc9ZQLi7N1c3STM0|0000002;text: OK->7/10/2017 5:40:05 PM userId: user16;replyToId: IHt8OlMc9ZQLi7N1c3STM0|0000002
username: user16;conversationId: IHt8OlMc9ZQLi7N1c3STM0;messageid: IHt8OlMc9ZQLi7N1c3STM0|0000004;;
username: user16;conversationId: IHt8OlMc9ZQLi7N1c3STM0;messageid: IHt8OlMc9ZQLi7N1c3STM0|0000004;text: OK->7/10/2017 5:40:05 PM userId: user16;replyToId: NV
username: user17;conversationId: JKdHcvjn6nm63FKqVW1rBr;messageid: JKdHcvjn6nm63FKqVW1rBr|0000002;;
username: user17;conversationId: JKdHcvjn6nm63FKqVW1rBr;messageid: JKdHcvjn6nm63FKqVW1rBr|0000002;text: OK->7/10/2017 5:40:05 PM userId: user17;replyToId: JKdHcvjn6nm63FKqVW1rBr|0000002
username: user17;conversationId: JKdHcvjn6nm63FKqVW1rBr;messageid: JKdHcvjn6nm63FKqVW1rBr|0000004;;
username: user17;conversationId: JKdHcvjn6nm63FKqVW1rBr;messageid: JKdHcvjn6nm63FKqVW1rBr|0000004;text: OK->7/10/2017 5:40:05 PM userId: user17;replyToId: NV
username: user18;conversationId: 5vxHse3M3dyH8KN4tuYTq9;messageid: 5vxHse3M3dyH8KN4tuYTq9|0000002;;
username: user18;conversationId: 5vxHse3M3dyH8KN4tuYTq9;messageid: 5vxHse3M3dyH8KN4tuYTq9|0000002;text: OK->7/10/2017 5:40:06 PM userId: user18;replyToId: 5vxHse3M3dyH8KN4tuYTq9|0000002
username: user18;conversationId: 5vxHse3M3dyH8KN4tuYTq9;messageid: 5vxHse3M3dyH8KN4tuYTq9|0000004;;
username: user18;conversationId: 5vxHse3M3dyH8KN4tuYTq9;messageid: 5vxHse3M3dyH8KN4tuYTq9|0000004;text: OK->7/10/2017 5:40:06 PM userId: user18;replyToId: NV
username: user19;conversationId: 4iE7dwDKlXpAKOhDAFWD9W;messageid: 4iE7dwDKlXpAKOhDAFWD9W|0000002;;
username: user19;conversationId: 4iE7dwDKlXpAKOhDAFWD9W;messageid: 4iE7dwDKlXpAKOhDAFWD9W|0000002;text: OK->7/10/2017 5:40:06 PM userId: user19;replyToId: 4iE7dwDKlXpAKOhDAFWD9W|0000002
username: user19;conversationId: 4iE7dwDKlXpAKOhDAFWD9W;messageid: 4iE7dwDKlXpAKOhDAFWD9W|0000004;;
username: user19;conversationId: 4iE7dwDKlXpAKOhDAFWD9W;messageid: 4iE7dwDKlXpAKOhDAFWD9W|0000004;text: OK->7/10/2017 5:40:06 PM userId: user19;replyToId: NV
username: user20;conversationId: 5IEPZgUBGTh4fZ8n5rtasx;messageid: 5IEPZgUBGTh4fZ8n5rtasx|0000002;;
username: user20;conversationId: 5IEPZgUBGTh4fZ8n5rtasx;messageid: 5IEPZgUBGTh4fZ8n5rtasx|0000002;text: OK->7/10/2017 5:40:06 PM userId: user20;replyToId: 5IEPZgUBGTh4fZ8n5rtasx|0000002
username: user20;conversationId: 5IEPZgUBGTh4fZ8n5rtasx;messageid: 5IEPZgUBGTh4fZ8n5rtasx|0000004;;
username: user20;conversationId: 5IEPZgUBGTh4fZ8n5rtasx;messageid: 5IEPZgUBGTh4fZ8n5rtasx|0000004;text: OK->7/10/2017 5:40:06 PM userId: user20;replyToId: NV
username: user21;conversationId: ETxrsDJA37A3GDeu8JGRpd;messageid: ETxrsDJA37A3GDeu8JGRpd|0000002;;
username: user21;conversationId: ETxrsDJA37A3GDeu8JGRpd;messageid: ETxrsDJA37A3GDeu8JGRpd|0000002;text: OK->7/10/2017 5:40:07 PM userId: user21;replyToId: ETxrsDJA37A3GDeu8JGRpd|0000002
username: user21;conversationId: ETxrsDJA37A3GDeu8JGRpd;messageid: ETxrsDJA37A3GDeu8JGRpd|0000004;;
username: user21;conversationId: ETxrsDJA37A3GDeu8JGRpd;messageid: ETxrsDJA37A3GDeu8JGRpd|0000004;text: OK->7/10/2017 5:40:07 PM userId: user21;replyToId: NV
username: user22;conversationId: D3Sf1VO4smAK7cYJW5Ijvz;messageid: D3Sf1VO4smAK7cYJW5Ijvz|0000002;;
username: user22;conversationId: D3Sf1VO4smAK7cYJW5Ijvz;messageid: D3Sf1VO4smAK7cYJW5Ijvz|0000002;text: OK->7/10/2017 5:40:06 PM userId: user22;replyToId: D3Sf1VO4smAK7cYJW5Ijvz|0000002
username: user22;conversationId: D3Sf1VO4smAK7cYJW5Ijvz;messageid: D3Sf1VO4smAK7cYJW5Ijvz|0000004;;
username: user22;conversationId: D3Sf1VO4smAK7cYJW5Ijvz;messageid: D3Sf1VO4smAK7cYJW5Ijvz|0000004;text: OK->7/10/2017 5:40:06 PM userId: user22;replyToId: NV
username: user23;conversationId: 2MP8FfWnd6SJH4NdCVfgwU;messageid: 2MP8FfWnd6SJH4NdCVfgwU|0000002;;
username: user23;conversationId: 2MP8FfWnd6SJH4NdCVfgwU;messageid: 2MP8FfWnd6SJH4NdCVfgwU|0000002;text: OK->7/10/2017 5:40:07 PM userId: user23;replyToId: 2MP8FfWnd6SJH4NdCVfgwU|0000002
username: user23;conversationId: 2MP8FfWnd6SJH4NdCVfgwU;messageid: 2MP8FfWnd6SJH4NdCVfgwU|0000004;;
username: user23;conversationId: 2MP8FfWnd6SJH4NdCVfgwU;messageid: 2MP8FfWnd6SJH4NdCVfgwU|0000004;text: OK->7/10/2017 5:40:07 PM userId: user23;replyToId: NV
username: user24;conversationId: HA5nSrWcuhu5a3v9ozqGFq;messageid: HA5nSrWcuhu5a3v9ozqGFq|0000002;;
username: user24;conversationId: HA5nSrWcuhu5a3v9ozqGFq;messageid: HA5nSrWcuhu5a3v9ozqGFq|0000002;text: OK->7/10/2017 5:40:07 PM userId: user24;replyToId: HA5nSrWcuhu5a3v9ozqGFq|0000002
username: user24;conversationId: HA5nSrWcuhu5a3v9ozqGFq;messageid: HA5nSrWcuhu5a3v9ozqGFq|0000004;;
username: user24;conversationId: HA5nSrWcuhu5a3v9ozqGFq;messageid: HA5nSrWcuhu5a3v9ozqGFq|0000004;text: OK->7/10/2017 5:40:07 PM userId: user24;replyToId: NV
username: user25;conversationId: 8m9ZzZNq14sGCeKoLeH5mJ;messageid: 8m9ZzZNq14sGCeKoLeH5mJ|0000002;;
username: user25;conversationId: 8m9ZzZNq14sGCeKoLeH5mJ;messageid: 8m9ZzZNq14sGCeKoLeH5mJ|0000002;text: OK->7/10/2017 5:40:07 PM userId: user25;replyToId: 8m9ZzZNq14sGCeKoLeH5mJ|0000002
username: user25;conversationId: 8m9ZzZNq14sGCeKoLeH5mJ;messageid: 8m9ZzZNq14sGCeKoLeH5mJ|0000004;;
username: user25;conversationId: 8m9ZzZNq14sGCeKoLeH5mJ;messageid: 8m9ZzZNq14sGCeKoLeH5mJ|0000004;text: OK->7/10/2017 5:40:07 PM userId: user25;replyToId: NV
username: user26;conversationId: 4irNVxxbp3uA2KC1T1gqdG;messageid: 4irNVxxbp3uA2KC1T1gqdG|0000002;;
username: user26;conversationId: 4irNVxxbp3uA2KC1T1gqdG;messageid: 4irNVxxbp3uA2KC1T1gqdG|0000002;text: OK->7/10/2017 5:40:07 PM userId: user26;replyToId: 4irNVxxbp3uA2KC1T1gqdG|0000002
username: user26;conversationId: 4irNVxxbp3uA2KC1T1gqdG;messageid: 4irNVxxbp3uA2KC1T1gqdG|0000004;;
username: user26;conversationId: 4irNVxxbp3uA2KC1T1gqdG;messageid: 4irNVxxbp3uA2KC1T1gqdG|0000004;text: OK->7/10/2017 5:40:07 PM userId: user26;replyToId: NV
username: user27;conversationId: EDjpCoTx7fLHHHBntGHCH2;messageid: EDjpCoTx7fLHHHBntGHCH2|0000002;;
username: user27;conversationId: EDjpCoTx7fLHHHBntGHCH2;messageid: EDjpCoTx7fLHHHBntGHCH2|0000002;text: OK->7/10/2017 5:40:07 PM userId: user27;replyToId: EDjpCoTx7fLHHHBntGHCH2|0000002
username: user27;conversationId: EDjpCoTx7fLHHHBntGHCH2;messageid: EDjpCoTx7fLHHHBntGHCH2|0000004;;
username: user27;conversationId: EDjpCoTx7fLHHHBntGHCH2;messageid: EDjpCoTx7fLHHHBntGHCH2|0000004;text: OK->7/10/2017 5:40:07 PM userId: user27;replyToId: NV
username: user28;conversationId: F7CEunvC5ka8xaptaICmJj;messageid: F7CEunvC5ka8xaptaICmJj|0000002;;
username: user28;conversationId: F7CEunvC5ka8xaptaICmJj;messageid: F7CEunvC5ka8xaptaICmJj|0000002;text: OK->7/10/2017 5:40:04 PM userId: user28;replyToId: F7CEunvC5ka8xaptaICmJj|0000002
username: user28;conversationId: F7CEunvC5ka8xaptaICmJj;messageid: F7CEunvC5ka8xaptaICmJj|0000004;;
username: user28;conversationId: F7CEunvC5ka8xaptaICmJj;messageid: F7CEunvC5ka8xaptaICmJj|0000004;text: OK->7/10/2017 5:40:04 PM userId: user28;replyToId: NV
username: user29;conversationId: 5y3BZp8USam5Z6eHNOXhL3;messageid: 5y3BZp8USam5Z6eHNOXhL3|0000002;;
username: user29;conversationId: 5y3BZp8USam5Z6eHNOXhL3;messageid: 5y3BZp8USam5Z6eHNOXhL3|0000002;text: OK->7/10/2017 5:40:08 PM userId: user29;replyToId: 5y3BZp8USam5Z6eHNOXhL3|0000002
username: user29;conversationId: 5y3BZp8USam5Z6eHNOXhL3;messageid: 5y3BZp8USam5Z6eHNOXhL3|0000004;;
username: user29;conversationId: 5y3BZp8USam5Z6eHNOXhL3;messageid: 5y3BZp8USam5Z6eHNOXhL3|0000004;text: OK->7/10/2017 5:40:08 PM userId: user29;replyToId: NV
username: user30;conversationId: 4QnocMVQDMBIf5h38o8GYL;messageid: NV;;
username: user30;conversationId: 4QnocMVQDMBIf5h38o8GYL;messageid: NV;text: NV;replyToId: NV
username: user30;conversationId: 4QnocMVQDMBIf5h38o8GYL;messageid: NV;;
username: user30;conversationId: 4QnocMVQDMBIf5h38o8GYL;messageid: NV;text: NV;replyToId: 4QnocMVQDMBIf5h38o8GYL|0000003
username: user31;conversationId: 5rd7xJcPm5vLH4Qrf5PCLh;messageid: 5rd7xJcPm5vLH4Qrf5PCLh|0000002;;
username: user31;conversationId: 5rd7xJcPm5vLH4Qrf5PCLh;messageid: 5rd7xJcPm5vLH4Qrf5PCLh|0000002;text: OK->7/10/2017 5:40:04 PM userId: user31;replyToId: 5rd7xJcPm5vLH4Qrf5PCLh|0000002
username: user31;conversationId: 5rd7xJcPm5vLH4Qrf5PCLh;messageid: 5rd7xJcPm5vLH4Qrf5PCLh|0000004;;
username: user31;conversationId: 5rd7xJcPm5vLH4Qrf5PCLh;messageid: 5rd7xJcPm5vLH4Qrf5PCLh|0000004;text: OK->7/10/2017 5:40:04 PM userId: user31;replyToId: NV
username: user32;conversationId: EOY2LBgMXS0I0NBWywK90a;messageid: EOY2LBgMXS0I0NBWywK90a|0000002;;
username: user32;conversationId: EOY2LBgMXS0I0NBWywK90a;messageid: EOY2LBgMXS0I0NBWywK90a|0000002;text: OK->7/10/2017 5:40:04 PM userId: user32;replyToId: EOY2LBgMXS0I0NBWywK90a|0000002
username: user32;conversationId: EOY2LBgMXS0I0NBWywK90a;messageid: EOY2LBgMXS0I0NBWywK90a|0000004;;
username: user32;conversationId: EOY2LBgMXS0I0NBWywK90a;messageid: EOY2LBgMXS0I0NBWywK90a|0000004;text: OK->7/10/2017 5:40:04 PM userId: user32;replyToId: NV
username: user33;conversationId: J1o3HZH9I2mJ3NKanKHdfu;messageid: J1o3HZH9I2mJ3NKanKHdfu|0000002;;
username: user33;conversationId: J1o3HZH9I2mJ3NKanKHdfu;messageid: J1o3HZH9I2mJ3NKanKHdfu|0000002;text: OK->7/10/2017 5:40:05 PM userId: user33;replyToId: J1o3HZH9I2mJ3NKanKHdfu|0000002
username: user33;conversationId: J1o3HZH9I2mJ3NKanKHdfu;messageid: J1o3HZH9I2mJ3NKanKHdfu|0000004;;
username: user33;conversationId: J1o3HZH9I2mJ3NKanKHdfu;messageid: J1o3HZH9I2mJ3NKanKHdfu|0000004;text: OK->7/10/2017 5:40:05 PM userId: user33;replyToId: NV
username: user34;conversationId: HMEaewFD40i7NXVPePmGwI;messageid: HMEaewFD40i7NXVPePmGwI|0000002;;
username: user34;conversationId: HMEaewFD40i7NXVPePmGwI;messageid: HMEaewFD40i7NXVPePmGwI|0000002;text: OK->7/10/2017 5:40:09 PM userId: user34;replyToId: HMEaewFD40i7NXVPePmGwI|0000002
username: user34;conversationId: HMEaewFD40i7NXVPePmGwI;messageid: HMEaewFD40i7NXVPePmGwI|0000004;;
username: user34;conversationId: HMEaewFD40i7NXVPePmGwI;messageid: HMEaewFD40i7NXVPePmGwI|0000004;text: OK->7/10/2017 5:40:09 PM userId: user34;replyToId: NV
username: user35;conversationId: 7TNekFuMVLdFu3Hmj63OoB;messageid: 7TNekFuMVLdFu3Hmj63OoB|0000002;;
username: user35;conversationId: 7TNekFuMVLdFu3Hmj63OoB;messageid: 7TNekFuMVLdFu3Hmj63OoB|0000002;text: OK->7/10/2017 5:40:08 PM userId: user35;replyToId: 7TNekFuMVLdFu3Hmj63OoB|0000002
username: user35;conversationId: 7TNekFuMVLdFu3Hmj63OoB;messageid: 7TNekFuMVLdFu3Hmj63OoB|0000004;;
username: user35;conversationId: 7TNekFuMVLdFu3Hmj63OoB;messageid: 7TNekFuMVLdFu3Hmj63OoB|0000004;text: OK->7/10/2017 5:40:08 PM userId: user35;replyToId: NV
username: user36;conversationId: 7JJaoJ78Mo95WWB7F01INQ;messageid: 7JJaoJ78Mo95WWB7F01INQ|0000002;;
username: user36;conversationId: 7JJaoJ78Mo95WWB7F01INQ;messageid: 7JJaoJ78Mo95WWB7F01INQ|0000002;text: OK->7/10/2017 5:40:15 PM userId: user36;replyToId: 7JJaoJ78Mo95WWB7F01INQ|0000002
username: user36;conversationId: 7JJaoJ78Mo95WWB7F01INQ;messageid: 7JJaoJ78Mo95WWB7F01INQ|0000004;;
username: user36;conversationId: 7JJaoJ78Mo95WWB7F01INQ;messageid: 7JJaoJ78Mo95WWB7F01INQ|0000004;text: OK->7/10/2017 5:40:15 PM userId: user36;replyToId: NV
username: user37;conversationId: 1ANmwjtj2pC6MmGJgf3Hzb;messageid: 1ANmwjtj2pC6MmGJgf3Hzb|0000002;;
username: user37;conversationId: 1ANmwjtj2pC6MmGJgf3Hzb;messageid: 1ANmwjtj2pC6MmGJgf3Hzb|0000002;text: OK->7/10/2017 5:40:16 PM userId: user37;replyToId: 1ANmwjtj2pC6MmGJgf3Hzb|0000002
username: user37;conversationId: 1ANmwjtj2pC6MmGJgf3Hzb;messageid: 1ANmwjtj2pC6MmGJgf3Hzb|0000004;;
username: user37;conversationId: 1ANmwjtj2pC6MmGJgf3Hzb;messageid: 1ANmwjtj2pC6MmGJgf3Hzb|0000004;text: OK->7/10/2017 5:40:16 PM userId: user37;replyToId: NV
username: user38;conversationId: HiJqSqPGsPf16ZUVsKFIIc;messageid: HiJqSqPGsPf16ZUVsKFIIc|0000002;;
username: user38;conversationId: HiJqSqPGsPf16ZUVsKFIIc;messageid: HiJqSqPGsPf16ZUVsKFIIc|0000002;text: OK->7/10/2017 5:40:16 PM userId: user38;replyToId: HiJqSqPGsPf16ZUVsKFIIc|0000002
username: user38;conversationId: HiJqSqPGsPf16ZUVsKFIIc;messageid: HiJqSqPGsPf16ZUVsKFIIc|0000004;;
username: user38;conversationId: HiJqSqPGsPf16ZUVsKFIIc;messageid: HiJqSqPGsPf16ZUVsKFIIc|0000004;text: OK->7/10/2017 5:40:16 PM userId: user38;replyToId: NV
username: user39;conversationId: PTUCySXQB86waiyYBz4ro;messageid: PTUCySXQB86waiyYBz4ro|0000002;;
username: user39;conversationId: PTUCySXQB86waiyYBz4ro;messageid: PTUCySXQB86waiyYBz4ro|0000002;text: OK->7/10/2017 5:40:16 PM userId: user39;replyToId: PTUCySXQB86waiyYBz4ro|0000002
username: user39;conversationId: PTUCySXQB86waiyYBz4ro;messageid: PTUCySXQB86waiyYBz4ro|0000004;;
username: user39;conversationId: PTUCySXQB86waiyYBz4ro;messageid: PTUCySXQB86waiyYBz4ro|0000004;text: OK->7/10/2017 5:40:16 PM userId: user39;replyToId: NV
username: user40;conversationId: IhgHHmfhSgXD0rSPPRp8m8;messageid: IhgHHmfhSgXD0rSPPRp8m8|0000002;;
username: user40;conversationId: IhgHHmfhSgXD0rSPPRp8m8;messageid: IhgHHmfhSgXD0rSPPRp8m8|0000002;text: OK->7/10/2017 5:40:17 PM userId: user40;replyToId: IhgHHmfhSgXD0rSPPRp8m8|0000002
username: user40;conversationId: IhgHHmfhSgXD0rSPPRp8m8;messageid: IhgHHmfhSgXD0rSPPRp8m8|0000004;;
username: user40;conversationId: IhgHHmfhSgXD0rSPPRp8m8;messageid: IhgHHmfhSgXD0rSPPRp8m8|0000004;text: OK->7/10/2017 5:40:17 PM userId: user40;replyToId: NV
username: user41;conversationId: 91f6K0IMIqLGLJw9YlZDul;messageid: 91f6K0IMIqLGLJw9YlZDul|0000002;;
username: user41;conversationId: 91f6K0IMIqLGLJw9YlZDul;messageid: 91f6K0IMIqLGLJw9YlZDul|0000002;text: OK->7/10/2017 5:40:17 PM userId: user41;replyToId: 91f6K0IMIqLGLJw9YlZDul|0000002
username: user41;conversationId: 91f6K0IMIqLGLJw9YlZDul;messageid: 91f6K0IMIqLGLJw9YlZDul|0000004;;
username: user41;conversationId: 91f6K0IMIqLGLJw9YlZDul;messageid: 91f6K0IMIqLGLJw9YlZDul|0000004;text: OK->7/10/2017 5:40:17 PM userId: user41;replyToId: NV
username: user42;conversationId: DALBXcdkOfCyJa6DSIhTY;messageid: DALBXcdkOfCyJa6DSIhTY|0000002;;
username: user42;conversationId: DALBXcdkOfCyJa6DSIhTY;messageid: DALBXcdkOfCyJa6DSIhTY|0000002;text: OK->7/10/2017 5:40:19 PM userId: user42;replyToId: DALBXcdkOfCyJa6DSIhTY|0000002
username: user42;conversationId: DALBXcdkOfCyJa6DSIhTY;messageid: DALBXcdkOfCyJa6DSIhTY|0000004;;
username: user42;conversationId: DALBXcdkOfCyJa6DSIhTY;messageid: DALBXcdkOfCyJa6DSIhTY|0000004;text: OK->7/10/2017 5:40:19 PM userId: user42;replyToId: NV
username: user43;conversationId: 3iIwRb3gIGj38tRygkbHSd;messageid: 3iIwRb3gIGj38tRygkbHSd|0000002;;
username: user43;conversationId: 3iIwRb3gIGj38tRygkbHSd;messageid: 3iIwRb3gIGj38tRygkbHSd|0000002;text: OK->7/10/2017 5:40:19 PM userId: user43;replyToId: 3iIwRb3gIGj38tRygkbHSd|0000002
username: user43;conversationId: 3iIwRb3gIGj38tRygkbHSd;messageid: 3iIwRb3gIGj38tRygkbHSd|0000004;;
username: user43;conversationId: 3iIwRb3gIGj38tRygkbHSd;messageid: 3iIwRb3gIGj38tRygkbHSd|0000004;text: OK->7/10/2017 5:40:19 PM userId: user43;replyToId: NV
username: user44;conversationId: CFPBVovbDzd4atwVe5saHy;messageid: CFPBVovbDzd4atwVe5saHy|0000002;;
username: user44;conversationId: CFPBVovbDzd4atwVe5saHy;messageid: CFPBVovbDzd4atwVe5saHy|0000002;text: OK->7/10/2017 5:40:19 PM userId: user44;replyToId: CFPBVovbDzd4atwVe5saHy|0000002
username: user44;conversationId: CFPBVovbDzd4atwVe5saHy;messageid: CFPBVovbDzd4atwVe5saHy|0000004;;
username: user44;conversationId: CFPBVovbDzd4atwVe5saHy;messageid: CFPBVovbDzd4atwVe5saHy|0000004;text: OK->7/10/2017 5:40:19 PM userId: user44;replyToId: NV
username: user45;conversationId: 5kq7gHbahmOAKA0rBugm4o;messageid: 5kq7gHbahmOAKA0rBugm4o|0000002;;
username: user45;conversationId: 5kq7gHbahmOAKA0rBugm4o;messageid: 5kq7gHbahmOAKA0rBugm4o|0000002;text: OK->7/10/2017 5:40:19 PM userId: user45;replyToId: 5kq7gHbahmOAKA0rBugm4o|0000002
username: user45;conversationId: 5kq7gHbahmOAKA0rBugm4o;messageid: 5kq7gHbahmOAKA0rBugm4o|0000004;;
username: user45;conversationId: 5kq7gHbahmOAKA0rBugm4o;messageid: 5kq7gHbahmOAKA0rBugm4o|0000004;text: OK->7/10/2017 5:40:19 PM userId: user45;replyToId: NV
username: user46;conversationId: 87Me7Njxop628S3HZfywbp;messageid: 87Me7Njxop628S3HZfywbp|0000002;;
username: user46;conversationId: 87Me7Njxop628S3HZfywbp;messageid: 87Me7Njxop628S3HZfywbp|0000002;text: OK->7/10/2017 5:40:22 PM userId: user46;replyToId: 87Me7Njxop628S3HZfywbp|0000002
username: user46;conversationId: 87Me7Njxop628S3HZfywbp;messageid: 87Me7Njxop628S3HZfywbp|0000004;;
username: user46;conversationId: 87Me7Njxop628S3HZfywbp;messageid: 87Me7Njxop628S3HZfywbp|0000004;text: OK->7/10/2017 5:40:22 PM userId: user46;replyToId: NV
username: user47;conversationId: 1T26acXP26p9RE052iCqX4;messageid: 1T26acXP26p9RE052iCqX4|0000002;;
username: user47;conversationId: 1T26acXP26p9RE052iCqX4;messageid: 1T26acXP26p9RE052iCqX4|0000002;text: OK->7/10/2017 5:40:22 PM userId: user47;replyToId: 1T26acXP26p9RE052iCqX4|0000002
username: user47;conversationId: 1T26acXP26p9RE052iCqX4;messageid: 1T26acXP26p9RE052iCqX4|0000004;;
username: user47;conversationId: 1T26acXP26p9RE052iCqX4;messageid: 1T26acXP26p9RE052iCqX4|0000004;text: OK->7/10/2017 5:40:22 PM userId: user47;replyToId: NV
username: user48;conversationId: tcz9o9rujAEpqwkmUp9aR;messageid: tcz9o9rujAEpqwkmUp9aR|0000002;;
username: user48;conversationId: tcz9o9rujAEpqwkmUp9aR;messageid: tcz9o9rujAEpqwkmUp9aR|0000002;text: OK->7/10/2017 5:40:22 PM userId: user48;replyToId: tcz9o9rujAEpqwkmUp9aR|0000002
username: user48;conversationId: tcz9o9rujAEpqwkmUp9aR;messageid: tcz9o9rujAEpqwkmUp9aR|0000004;;
username: user48;conversationId: tcz9o9rujAEpqwkmUp9aR;messageid: tcz9o9rujAEpqwkmUp9aR|0000004;text: OK->7/10/2017 5:40:22 PM userId: user48;replyToId: NV
username: user49;conversationId: 1UmWBQoRvSjEYdLRMvJ8yk;messageid: 1UmWBQoRvSjEYdLRMvJ8yk|0000002;;
username: user49;conversationId: 1UmWBQoRvSjEYdLRMvJ8yk;messageid: 1UmWBQoRvSjEYdLRMvJ8yk|0000002;text: OK->7/10/2017 5:40:24 PM userId: user49;replyToId: 1UmWBQoRvSjEYdLRMvJ8yk|0000002
username: user49;conversationId: 1UmWBQoRvSjEYdLRMvJ8yk;messageid: 1UmWBQoRvSjEYdLRMvJ8yk|0000004;;
username: user49;conversationId: 1UmWBQoRvSjEYdLRMvJ8yk;messageid: 1UmWBQoRvSjEYdLRMvJ8yk|0000004;text: OK->7/10/2017 5:40:24 PM userId: user49;replyToId: NV
username: user50;conversationId: GRMPgvRCgamjzegk6MZhM;messageid: GRMPgvRCgamjzegk6MZhM|0000002;;
username: user50;conversationId: GRMPgvRCgamjzegk6MZhM;messageid: GRMPgvRCgamjzegk6MZhM|0000002;text: OK->7/10/2017 5:40:24 PM userId: user50;replyToId: GRMPgvRCgamjzegk6MZhM|0000002
username: user50;conversationId: GRMPgvRCgamjzegk6MZhM;messageid: GRMPgvRCgamjzegk6MZhM|0000004;;
username: user50;conversationId: GRMPgvRCgamjzegk6MZhM;messageid: GRMPgvRCgamjzegk6MZhM|0000004;text: OK->7/10/2017 5:40:24 PM userId: user50;replyToId: NV
username: user51;conversationId: 9wJt4IS8m067p4Vyd2CS9r;messageid: 9wJt4IS8m067p4Vyd2CS9r|0000002;;
username: user51;conversationId: 9wJt4IS8m067p4Vyd2CS9r;messageid: 9wJt4IS8m067p4Vyd2CS9r|0000002;text: OK->7/10/2017 5:40:24 PM userId: user51;replyToId: 9wJt4IS8m067p4Vyd2CS9r|0000002
username: user51;conversationId: 9wJt4IS8m067p4Vyd2CS9r;messageid: 9wJt4IS8m067p4Vyd2CS9r|0000004;;
username: user51;conversationId: 9wJt4IS8m067p4Vyd2CS9r;messageid: 9wJt4IS8m067p4Vyd2CS9r|0000004;text: OK->7/10/2017 5:40:24 PM userId: user51;replyToId: NV
username: user52;conversationId: KhnrndyoLNAGaBYTLq6dPG;messageid: KhnrndyoLNAGaBYTLq6dPG|0000002;;
username: user52;conversationId: KhnrndyoLNAGaBYTLq6dPG;messageid: KhnrndyoLNAGaBYTLq6dPG|0000002;text: OK->7/10/2017 5:40:24 PM userId: user52;replyToId: KhnrndyoLNAGaBYTLq6dPG|0000002
username: user52;conversationId: KhnrndyoLNAGaBYTLq6dPG;messageid: KhnrndyoLNAGaBYTLq6dPG|0000004;;
username: user52;conversationId: KhnrndyoLNAGaBYTLq6dPG;messageid: KhnrndyoLNAGaBYTLq6dPG|0000004;text: OK->7/10/2017 5:40:24 PM userId: user52;replyToId: NV
username: user53;conversationId: 2pD3L0wnIp73oQhMI6dz1f;messageid: 2pD3L0wnIp73oQhMI6dz1f|0000002;;
username: user53;conversationId: 2pD3L0wnIp73oQhMI6dz1f;messageid: 2pD3L0wnIp73oQhMI6dz1f|0000002;text: OK->7/10/2017 5:40:24 PM userId: user53;replyToId: 2pD3L0wnIp73oQhMI6dz1f|0000002
username: user53;conversationId: 2pD3L0wnIp73oQhMI6dz1f;messageid: 2pD3L0wnIp73oQhMI6dz1f|0000004;;
username: user53;conversationId: 2pD3L0wnIp73oQhMI6dz1f;messageid: 2pD3L0wnIp73oQhMI6dz1f|0000004;text: OK->7/10/2017 5:40:24 PM userId: user53;replyToId: NV
username: user54;conversationId: 6TNZOdcN8b77rvuWprIBKR;messageid: 6TNZOdcN8b77rvuWprIBKR|0000002;;
username: user54;conversationId: 6TNZOdcN8b77rvuWprIBKR;messageid: 6TNZOdcN8b77rvuWprIBKR|0000002;text: OK->7/10/2017 5:40:24 PM userId: user54;replyToId: 6TNZOdcN8b77rvuWprIBKR|0000002
username: user54;conversationId: 6TNZOdcN8b77rvuWprIBKR;messageid: 6TNZOdcN8b77rvuWprIBKR|0000004;;
username: user54;conversationId: 6TNZOdcN8b77rvuWprIBKR;messageid: 6TNZOdcN8b77rvuWprIBKR|0000004;text: OK->7/10/2017 5:40:24 PM userId: user54;replyToId: NV
username: user55;conversationId: 8bNxesjyntHKsJop318gCb;messageid: 8bNxesjyntHKsJop318gCb|0000002;;
username: user55;conversationId: 8bNxesjyntHKsJop318gCb;messageid: 8bNxesjyntHKsJop318gCb|0000002;text: OK->7/10/2017 5:40:24 PM userId: user55;replyToId: 8bNxesjyntHKsJop318gCb|0000002
username: user55;conversationId: 8bNxesjyntHKsJop318gCb;messageid: 8bNxesjyntHKsJop318gCb|0000004;;
username: user55;conversationId: 8bNxesjyntHKsJop318gCb;messageid: 8bNxesjyntHKsJop318gCb|0000004;text: OK->7/10/2017 5:40:24 PM userId: user55;replyToId: NV
username: user56;conversationId: LpxNs1yXQwQ7xQ46K91ZYr;messageid: LpxNs1yXQwQ7xQ46K91ZYr|0000002;;
username: user56;conversationId: LpxNs1yXQwQ7xQ46K91ZYr;messageid: LpxNs1yXQwQ7xQ46K91ZYr|0000002;text: OK->7/10/2017 5:40:26 PM userId: user56;replyToId: LpxNs1yXQwQ7xQ46K91ZYr|0000002
username: user56;conversationId: LpxNs1yXQwQ7xQ46K91ZYr;messageid: LpxNs1yXQwQ7xQ46K91ZYr|0000004;;
username: user56;conversationId: LpxNs1yXQwQ7xQ46K91ZYr;messageid: LpxNs1yXQwQ7xQ46K91ZYr|0000004;text: OK->7/10/2017 5:40:26 PM userId: user56;replyToId: NV
username: user57;conversationId: B8AtASsXPaqKqdbds6SWHG;messageid: B8AtASsXPaqKqdbds6SWHG|0000002;;
username: user57;conversationId: B8AtASsXPaqKqdbds6SWHG;messageid: B8AtASsXPaqKqdbds6SWHG|0000002;text: OK->7/10/2017 5:40:26 PM userId: user57;replyToId: B8AtASsXPaqKqdbds6SWHG|0000002
username: user57;conversationId: B8AtASsXPaqKqdbds6SWHG;messageid: B8AtASsXPaqKqdbds6SWHG|0000004;;
username: user57;conversationId: B8AtASsXPaqKqdbds6SWHG;messageid: B8AtASsXPaqKqdbds6SWHG|0000004;text: OK->7/10/2017 5:40:26 PM userId: user57;replyToId: NV
username: user58;conversationId: 4iHQvdJFtO0aYnT0IxlEV;messageid: 4iHQvdJFtO0aYnT0IxlEV|0000002;;
username: user58;conversationId: 4iHQvdJFtO0aYnT0IxlEV;messageid: 4iHQvdJFtO0aYnT0IxlEV|0000002;text: OK->7/10/2017 5:40:27 PM userId: user58;replyToId: 4iHQvdJFtO0aYnT0IxlEV|0000002
username: user58;conversationId: 4iHQvdJFtO0aYnT0IxlEV;messageid: 4iHQvdJFtO0aYnT0IxlEV|0000004;;
username: user58;conversationId: 4iHQvdJFtO0aYnT0IxlEV;messageid: 4iHQvdJFtO0aYnT0IxlEV|0000004;text: OK->7/10/2017 5:40:27 PM userId: user58;replyToId: NV
username: user59;conversationId: IgcPPZH83IgLcUhKAVSaAX;messageid: IgcPPZH83IgLcUhKAVSaAX|0000002;;
username: user59;conversationId: IgcPPZH83IgLcUhKAVSaAX;messageid: IgcPPZH83IgLcUhKAVSaAX|0000002;text: OK->7/10/2017 5:40:26 PM userId: user59;replyToId: IgcPPZH83IgLcUhKAVSaAX|0000002
username: user59;conversationId: IgcPPZH83IgLcUhKAVSaAX;messageid: IgcPPZH83IgLcUhKAVSaAX|0000004;;
username: user59;conversationId: IgcPPZH83IgLcUhKAVSaAX;messageid: IgcPPZH83IgLcUhKAVSaAX|0000004;text: OK->7/10/2017 5:40:26 PM userId: user59;replyToId: NV
username: user60;conversationId: 2liGU2WSop18KY7tAspSsN;messageid: 2liGU2WSop18KY7tAspSsN|0000002;;
username: user60;conversationId: 2liGU2WSop18KY7tAspSsN;messageid: 2liGU2WSop18KY7tAspSsN|0000002;text: OK->7/10/2017 5:40:28 PM userId: user60;replyToId: 2liGU2WSop18KY7tAspSsN|0000002
username: user60;conversationId: 2liGU2WSop18KY7tAspSsN;messageid: 2liGU2WSop18KY7tAspSsN|0000004;;
username: user60;conversationId: 2liGU2WSop18KY7tAspSsN;messageid: 2liGU2WSop18KY7tAspSsN|0000004;text: OK->7/10/2017 5:40:28 PM userId: user60;replyToId: NV
username: user61;conversationId: 73e5rs3dR4gK9vnuD0C4a2;messageid: 73e5rs3dR4gK9vnuD0C4a2|0000002;;
username: user61;conversationId: 73e5rs3dR4gK9vnuD0C4a2;messageid: 73e5rs3dR4gK9vnuD0C4a2|0000002;text: OK->7/10/2017 5:40:27 PM userId: user61;replyToId: 73e5rs3dR4gK9vnuD0C4a2|0000002
username: user61;conversationId: 73e5rs3dR4gK9vnuD0C4a2;messageid: 73e5rs3dR4gK9vnuD0C4a2|0000004;;
username: user61;conversationId: 73e5rs3dR4gK9vnuD0C4a2;messageid: 73e5rs3dR4gK9vnuD0C4a2|0000004;text: OK->7/10/2017 5:40:27 PM userId: user61;replyToId: NV
username: user62;conversationId: 8E9ye6LnYNrIzm85Mgcdla;messageid: 8E9ye6LnYNrIzm85Mgcdla|0000002;;
username: user62;conversationId: 8E9ye6LnYNrIzm85Mgcdla;messageid: 8E9ye6LnYNrIzm85Mgcdla|0000002;text: OK->7/10/2017 5:40:25 PM userId: user62;replyToId: 8E9ye6LnYNrIzm85Mgcdla|0000002
username: user62;conversationId: 8E9ye6LnYNrIzm85Mgcdla;messageid: 8E9ye6LnYNrIzm85Mgcdla|0000004;;
username: user62;conversationId: 8E9ye6LnYNrIzm85Mgcdla;messageid: 8E9ye6LnYNrIzm85Mgcdla|0000004;text: OK->7/10/2017 5:40:25 PM userId: user62;replyToId: NV
username: user63;conversationId: 7qbQWjrSG1T3pXDwXrtAzO;messageid: 7qbQWjrSG1T3pXDwXrtAzO|0000002;;
username: user63;conversationId: 7qbQWjrSG1T3pXDwXrtAzO;messageid: 7qbQWjrSG1T3pXDwXrtAzO|0000002;text: OK->7/10/2017 5:40:29 PM userId: user63;replyToId: 7qbQWjrSG1T3pXDwXrtAzO|0000002
username: user63;conversationId: 7qbQWjrSG1T3pXDwXrtAzO;messageid: 7qbQWjrSG1T3pXDwXrtAzO|0000004;;
username: user63;conversationId: 7qbQWjrSG1T3pXDwXrtAzO;messageid: 7qbQWjrSG1T3pXDwXrtAzO|0000004;text: OK->7/10/2017 5:40:29 PM userId: user63;replyToId: NV
username: user64;conversationId: 4hDSfwMA6UxKuXjYLF26bC;messageid: 4hDSfwMA6UxKuXjYLF26bC|0000002;;
username: user64;conversationId: 4hDSfwMA6UxKuXjYLF26bC;messageid: 4hDSfwMA6UxKuXjYLF26bC|0000002;text: OK->7/10/2017 5:40:28 PM userId: user64;replyToId: 4hDSfwMA6UxKuXjYLF26bC|0000002
username: user64;conversationId: 4hDSfwMA6UxKuXjYLF26bC;messageid: 4hDSfwMA6UxKuXjYLF26bC|0000004;;
username: user64;conversationId: 4hDSfwMA6UxKuXjYLF26bC;messageid: 4hDSfwMA6UxKuXjYLF26bC|0000004;text: OK->7/10/2017 5:40:28 PM userId: user64;replyToId: NV
username: user65;conversationId: Ihx3tMUVygQJXsLfQ6PiNE;messageid: Ihx3tMUVygQJXsLfQ6PiNE|0000002;;
username: user65;conversationId: Ihx3tMUVygQJXsLfQ6PiNE;messageid: Ihx3tMUVygQJXsLfQ6PiNE|0000002;text: OK->7/10/2017 5:40:28 PM userId: user65;replyToId: Ihx3tMUVygQJXsLfQ6PiNE|0000002
username: user65;conversationId: Ihx3tMUVygQJXsLfQ6PiNE;messageid: Ihx3tMUVygQJXsLfQ6PiNE|0000004;;
username: user65;conversationId: Ihx3tMUVygQJXsLfQ6PiNE;messageid: Ihx3tMUVygQJXsLfQ6PiNE|0000004;text: OK->7/10/2017 5:40:28 PM userId: user65;replyToId: NV
username: user66;conversationId: KcF4Jecv9F1369OAb5Dxq2;messageid: KcF4Jecv9F1369OAb5Dxq2|0000002;;
username: user66;conversationId: KcF4Jecv9F1369OAb5Dxq2;messageid: KcF4Jecv9F1369OAb5Dxq2|0000002;text: OK->7/10/2017 5:40:27 PM userId: user66;replyToId: KcF4Jecv9F1369OAb5Dxq2|0000002
username: user66;conversationId: KcF4Jecv9F1369OAb5Dxq2;messageid: KcF4Jecv9F1369OAb5Dxq2|0000004;;
username: user66;conversationId: KcF4Jecv9F1369OAb5Dxq2;messageid: KcF4Jecv9F1369OAb5Dxq2|0000004;text: OK->7/10/2017 5:40:27 PM userId: user66;replyToId: NV
username: user67;conversationId: Lq9bTEAgFt6FSTIrSXMmM3;messageid: Lq9bTEAgFt6FSTIrSXMmM3|0000002;;
username: user67;conversationId: Lq9bTEAgFt6FSTIrSXMmM3;messageid: Lq9bTEAgFt6FSTIrSXMmM3|0000002;text: OK->7/10/2017 5:40:30 PM userId: user67;replyToId: Lq9bTEAgFt6FSTIrSXMmM3|0000002
username: user67;conversationId: Lq9bTEAgFt6FSTIrSXMmM3;messageid: Lq9bTEAgFt6FSTIrSXMmM3|0000004;;
username: user67;conversationId: Lq9bTEAgFt6FSTIrSXMmM3;messageid: Lq9bTEAgFt6FSTIrSXMmM3|0000004;text: OK->7/10/2017 5:40:30 PM userId: user67;replyToId: NV
username: user68;conversationId: KX0hunmbTOfFayesRdYjrm;messageid: KX0hunmbTOfFayesRdYjrm|0000002;;
username: user68;conversationId: KX0hunmbTOfFayesRdYjrm;messageid: KX0hunmbTOfFayesRdYjrm|0000002;text: OK->7/10/2017 5:40:37 PM userId: user68;replyToId: KX0hunmbTOfFayesRdYjrm|0000002
username: user68;conversationId: KX0hunmbTOfFayesRdYjrm;messageid: KX0hunmbTOfFayesRdYjrm|0000004;;
username: user68;conversationId: KX0hunmbTOfFayesRdYjrm;messageid: KX0hunmbTOfFayesRdYjrm|0000004;text: OK->7/10/2017 5:40:37 PM userId: user68;replyToId: NV
username: user69;conversationId: 3Mq1Xa516gj7JQrebjWUHJ;messageid: 3Mq1Xa516gj7JQrebjWUHJ|0000002;;
username: user69;conversationId: 3Mq1Xa516gj7JQrebjWUHJ;messageid: 3Mq1Xa516gj7JQrebjWUHJ|0000002;text: OK->7/10/2017 5:40:39 PM userId: user69;replyToId: 3Mq1Xa516gj7JQrebjWUHJ|0000002
username: user69;conversationId: 3Mq1Xa516gj7JQrebjWUHJ;messageid: 3Mq1Xa516gj7JQrebjWUHJ|0000004;;
username: user69;conversationId: 3Mq1Xa516gj7JQrebjWUHJ;messageid: 3Mq1Xa516gj7JQrebjWUHJ|0000004;text: OK->7/10/2017 5:40:39 PM userId: user69;replyToId: NV
username: user70;conversationId: A3xzaxdVOVWGtCdYvHba3F;messageid: A3xzaxdVOVWGtCdYvHba3F|0000002;;
username: user70;conversationId: A3xzaxdVOVWGtCdYvHba3F;messageid: A3xzaxdVOVWGtCdYvHba3F|0000002;text: OK->7/10/2017 5:40:39 PM userId: user70;replyToId: A3xzaxdVOVWGtCdYvHba3F|0000002
username: user70;conversationId: A3xzaxdVOVWGtCdYvHba3F;messageid: A3xzaxdVOVWGtCdYvHba3F|0000004;;
username: user70;conversationId: A3xzaxdVOVWGtCdYvHba3F;messageid: A3xzaxdVOVWGtCdYvHba3F|0000004;text: OK->7/10/2017 5:40:39 PM userId: user70;replyToId: NV
username: user71;conversationId: 4sWCqiGtcE5HpcHTbVg8Og;messageid: 4sWCqiGtcE5HpcHTbVg8Og|0000002;;
username: user71;conversationId: 4sWCqiGtcE5HpcHTbVg8Og;messageid: 4sWCqiGtcE5HpcHTbVg8Og|0000002;text: OK->7/10/2017 5:40:39 PM userId: user71;replyToId: 4sWCqiGtcE5HpcHTbVg8Og|0000002
username: user71;conversationId: 4sWCqiGtcE5HpcHTbVg8Og;messageid: 4sWCqiGtcE5HpcHTbVg8Og|0000004;;
username: user71;conversationId: 4sWCqiGtcE5HpcHTbVg8Og;messageid: 4sWCqiGtcE5HpcHTbVg8Og|0000004;text: OK->7/10/2017 5:40:39 PM userId: user71;replyToId: NV
username: user72;conversationId: PIJueT5KJ177xzL553Xr8;messageid: PIJueT5KJ177xzL553Xr8|0000002;;
username: user72;conversationId: PIJueT5KJ177xzL553Xr8;messageid: PIJueT5KJ177xzL553Xr8|0000002;text: OK->7/10/2017 5:40:40 PM userId: user72;replyToId: PIJueT5KJ177xzL553Xr8|0000002
username: user72;conversationId: PIJueT5KJ177xzL553Xr8;messageid: PIJueT5KJ177xzL553Xr8|0000004;;
username: user72;conversationId: PIJueT5KJ177xzL553Xr8;messageid: PIJueT5KJ177xzL553Xr8|0000004;text: OK->7/10/2017 5:40:40 PM userId: user72;replyToId: NV
username: user73;conversationId: 2fAgKExgQf5Kbjljo2Luo9;messageid: 2fAgKExgQf5Kbjljo2Luo9|0000002;;
username: user73;conversationId: 2fAgKExgQf5Kbjljo2Luo9;messageid: 2fAgKExgQf5Kbjljo2Luo9|0000002;text: OK->7/10/2017 5:40:40 PM userId: user73;replyToId: 2fAgKExgQf5Kbjljo2Luo9|0000002
username: user73;conversationId: 2fAgKExgQf5Kbjljo2Luo9;messageid: 2fAgKExgQf5Kbjljo2Luo9|0000004;;
username: user73;conversationId: 2fAgKExgQf5Kbjljo2Luo9;messageid: 2fAgKExgQf5Kbjljo2Luo9|0000004;text: OK->7/10/2017 5:40:40 PM userId: user73;replyToId: NV
username: user74;conversationId: G9ofsNdNzQ38xqSjXj2tSN;messageid: G9ofsNdNzQ38xqSjXj2tSN|0000002;;
username: user74;conversationId: G9ofsNdNzQ38xqSjXj2tSN;messageid: G9ofsNdNzQ38xqSjXj2tSN|0000002;text: OK->7/10/2017 5:40:40 PM userId: user74;replyToId: G9ofsNdNzQ38xqSjXj2tSN|0000002
username: user74;conversationId: G9ofsNdNzQ38xqSjXj2tSN;messageid: G9ofsNdNzQ38xqSjXj2tSN|0000004;;
username: user74;conversationId: G9ofsNdNzQ38xqSjXj2tSN;messageid: G9ofsNdNzQ38xqSjXj2tSN|0000004;text: OK->7/10/2017 5:40:40 PM userId: user74;replyToId: NV
username: user75;conversationId: G0ZW4ZtNeuk9YyAfl8JdMm;messageid: G0ZW4ZtNeuk9YyAfl8JdMm|0000002;;
username: user75;conversationId: G0ZW4ZtNeuk9YyAfl8JdMm;messageid: G0ZW4ZtNeuk9YyAfl8JdMm|0000002;text: OK->7/10/2017 5:40:43 PM userId: user75;replyToId: G0ZW4ZtNeuk9YyAfl8JdMm|0000002
username: user75;conversationId: G0ZW4ZtNeuk9YyAfl8JdMm;messageid: G0ZW4ZtNeuk9YyAfl8JdMm|0000004;;
username: user75;conversationId: G0ZW4ZtNeuk9YyAfl8JdMm;messageid: G0ZW4ZtNeuk9YyAfl8JdMm|0000004;text: OK->7/10/2017 5:40:43 PM userId: user75;replyToId: NV
username: user76;conversationId: LQ9Vfe5sLwgL9JFJ8VgE1t;messageid: LQ9Vfe5sLwgL9JFJ8VgE1t|0000002;;
username: user76;conversationId: LQ9Vfe5sLwgL9JFJ8VgE1t;messageid: LQ9Vfe5sLwgL9JFJ8VgE1t|0000002;text: OK->7/10/2017 5:40:43 PM userId: user76;replyToId: LQ9Vfe5sLwgL9JFJ8VgE1t|0000002
username: user76;conversationId: LQ9Vfe5sLwgL9JFJ8VgE1t;messageid: LQ9Vfe5sLwgL9JFJ8VgE1t|0000004;;
username: user76;conversationId: LQ9Vfe5sLwgL9JFJ8VgE1t;messageid: LQ9Vfe5sLwgL9JFJ8VgE1t|0000004;text: OK->7/10/2017 5:40:43 PM userId: user76;replyToId: NV
username: user77;conversationId: 4W8FKHbqsNmKeOpEt9750C;messageid: 4W8FKHbqsNmKeOpEt9750C|0000002;;
username: user77;conversationId: 4W8FKHbqsNmKeOpEt9750C;messageid: 4W8FKHbqsNmKeOpEt9750C|0000002;text: OK->7/10/2017 5:40:43 PM userId: user77;replyToId: 4W8FKHbqsNmKeOpEt9750C|0000002
username: user77;conversationId: 4W8FKHbqsNmKeOpEt9750C;messageid: 4W8FKHbqsNmKeOpEt9750C|0000004;;
username: user77;conversationId: 4W8FKHbqsNmKeOpEt9750C;messageid: 4W8FKHbqsNmKeOpEt9750C|0000004;text: OK->7/10/2017 5:40:43 PM userId: user77;replyToId: NV
username: user78;conversationId: AbMiE3oPU5uEzFQkizu3kx;messageid: AbMiE3oPU5uEzFQkizu3kx|0000002;;
username: user78;conversationId: AbMiE3oPU5uEzFQkizu3kx;messageid: AbMiE3oPU5uEzFQkizu3kx|0000002;text: OK->7/10/2017 5:40:43 PM userId: user78;replyToId: AbMiE3oPU5uEzFQkizu3kx|0000002
username: user78;conversationId: AbMiE3oPU5uEzFQkizu3kx;messageid: AbMiE3oPU5uEzFQkizu3kx|0000004;;
username: user78;conversationId: AbMiE3oPU5uEzFQkizu3kx;messageid: AbMiE3oPU5uEzFQkizu3kx|0000004;text: OK->7/10/2017 5:40:43 PM userId: user78;replyToId: NV
username: user79;conversationId: AScewTZRsfqGB827i0VnmF;messageid: AScewTZRsfqGB827i0VnmF|0000002;;
username: user79;conversationId: AScewTZRsfqGB827i0VnmF;messageid: AScewTZRsfqGB827i0VnmF|0000002;text: OK->7/10/2017 5:40:46 PM userId: user79;replyToId: AScewTZRsfqGB827i0VnmF|0000002
username: user79;conversationId: AScewTZRsfqGB827i0VnmF;messageid: AScewTZRsfqGB827i0VnmF|0000004;;
username: user79;conversationId: AScewTZRsfqGB827i0VnmF;messageid: AScewTZRsfqGB827i0VnmF|0000004;text: OK->7/10/2017 5:40:46 PM userId: user79;replyToId: NV
username: user80;conversationId: FBELOQVAIG3Ih4Q4Gu3YmZ;messageid: FBELOQVAIG3Ih4Q4Gu3YmZ|0000002;;
username: user80;conversationId: FBELOQVAIG3Ih4Q4Gu3YmZ;messageid: FBELOQVAIG3Ih4Q4Gu3YmZ|0000002;text: OK->7/10/2017 5:40:48 PM userId: user80;replyToId: FBELOQVAIG3Ih4Q4Gu3YmZ|0000002
username: user80;conversationId: FBELOQVAIG3Ih4Q4Gu3YmZ;messageid: FBELOQVAIG3Ih4Q4Gu3YmZ|0000004;;
username: user80;conversationId: FBELOQVAIG3Ih4Q4Gu3YmZ;messageid: FBELOQVAIG3Ih4Q4Gu3YmZ|0000004;text: OK->7/10/2017 5:40:48 PM userId: user80;replyToId: NV
username: user81;conversationId: AwLmT98aDyqI0gAeEBQPOE;messageid: AwLmT98aDyqI0gAeEBQPOE|0000002;;
username: user81;conversationId: AwLmT98aDyqI0gAeEBQPOE;messageid: AwLmT98aDyqI0gAeEBQPOE|0000002;text: OK->7/10/2017 5:40:48 PM userId: user81;replyToId: AwLmT98aDyqI0gAeEBQPOE|0000002
username: user81;conversationId: AwLmT98aDyqI0gAeEBQPOE;messageid: AwLmT98aDyqI0gAeEBQPOE|0000004;;
username: user81;conversationId: AwLmT98aDyqI0gAeEBQPOE;messageid: AwLmT98aDyqI0gAeEBQPOE|0000004;text: OK->7/10/2017 5:40:48 PM userId: user81;replyToId: NV
username: user82;conversationId: GDrTt4IlHDLK8tRftJCr1F;messageid: GDrTt4IlHDLK8tRftJCr1F|0000002;;
username: user82;conversationId: GDrTt4IlHDLK8tRftJCr1F;messageid: GDrTt4IlHDLK8tRftJCr1F|0000002;text: OK->7/10/2017 5:40:46 PM userId: user82;replyToId: GDrTt4IlHDLK8tRftJCr1F|0000002
username: user82;conversationId: GDrTt4IlHDLK8tRftJCr1F;messageid: GDrTt4IlHDLK8tRftJCr1F|0000004;;
username: user82;conversationId: GDrTt4IlHDLK8tRftJCr1F;messageid: GDrTt4IlHDLK8tRftJCr1F|0000004;text: OK->7/10/2017 5:40:46 PM userId: user82;replyToId: NV
username: user83;conversationId: 6CJtLTOyNdx2dBjRxBPAxl;messageid: 6CJtLTOyNdx2dBjRxBPAxl|0000002;text: OK->7/10/2017 5:40:48 PM userId: user83;replyToId: 6CJtLTOyNdx2dBjRxBPAxl|0000002
username: user83;conversationId: 6CJtLTOyNdx2dBjRxBPAxl;messageid: 6CJtLTOyNdx2dBjRxBPAxl|0000004;;
username: user83;conversationId: 6CJtLTOyNdx2dBjRxBPAxl;messageid: 6CJtLTOyNdx2dBjRxBPAxl|0000004;text: OK->7/10/2017 5:40:48 PM userId: user83;replyToId: NV
username: user84;conversationId: Ki980Ddz0KqApbn88uvvuv;messageid: Ki980Ddz0KqApbn88uvvuv|0000002;;
username: user84;conversationId: Ki980Ddz0KqApbn88uvvuv;messageid: Ki980Ddz0KqApbn88uvvuv|0000002;text: OK->7/10/2017 5:40:49 PM userId: user84;replyToId: Ki980Ddz0KqApbn88uvvuv|0000002
username: user84;conversationId: Ki980Ddz0KqApbn88uvvuv;messageid: Ki980Ddz0KqApbn88uvvuv|0000004;;
username: user84;conversationId: Ki980Ddz0KqApbn88uvvuv;messageid: Ki980Ddz0KqApbn88uvvuv|0000004;text: OK->7/10/2017 5:40:49 PM userId: user84;replyToId: NV
username: user85;conversationId: ptUHDrquzQBJ8yPlwW6lK;messageid: ptUHDrquzQBJ8yPlwW6lK|0000002;;
username: user85;conversationId: ptUHDrquzQBJ8yPlwW6lK;messageid: ptUHDrquzQBJ8yPlwW6lK|0000002;text: OK->7/10/2017 5:40:49 PM userId: user85;replyToId: ptUHDrquzQBJ8yPlwW6lK|0000002
username: user85;conversationId: ptUHDrquzQBJ8yPlwW6lK;messageid: ptUHDrquzQBJ8yPlwW6lK|0000004;;
username: user85;conversationId: ptUHDrquzQBJ8yPlwW6lK;messageid: ptUHDrquzQBJ8yPlwW6lK|0000004;text: OK->7/10/2017 5:40:49 PM userId: user85;replyToId: NV
username: user86;conversationId: 8izBdO9xh932DznzL0Vd5W;messageid: 8izBdO9xh932DznzL0Vd5W|0000002;;
username: user86;conversationId: 8izBdO9xh932DznzL0Vd5W;messageid: 8izBdO9xh932DznzL0Vd5W|0000002;text: OK->7/10/2017 5:40:48 PM userId: user86;replyToId: 8izBdO9xh932DznzL0Vd5W|0000002
username: user86;conversationId: 8izBdO9xh932DznzL0Vd5W;messageid: 8izBdO9xh932DznzL0Vd5W|0000004;;
username: user86;conversationId: 8izBdO9xh932DznzL0Vd5W;messageid: 8izBdO9xh932DznzL0Vd5W|0000004;text: OK->7/10/2017 5:40:48 PM userId: user86;replyToId: NV
username: user87;conversationId: BlJNfp5mwXtAD9YyfjqPvN;messageid: BlJNfp5mwXtAD9YyfjqPvN|0000002;;
username: user87;conversationId: BlJNfp5mwXtAD9YyfjqPvN;messageid: BlJNfp5mwXtAD9YyfjqPvN|0000002;text: OK->7/10/2017 5:40:49 PM userId: user87;replyToId: BlJNfp5mwXtAD9YyfjqPvN|0000002
username: user87;conversationId: BlJNfp5mwXtAD9YyfjqPvN;messageid: BlJNfp5mwXtAD9YyfjqPvN|0000004;;
username: user87;conversationId: BlJNfp5mwXtAD9YyfjqPvN;messageid: BlJNfp5mwXtAD9YyfjqPvN|0000004;text: OK->7/10/2017 5:40:49 PM userId: user87;replyToId: NV
username: user88;conversationId: 8f8ol58tEw27BS2IkJUnIi;messageid: 8f8ol58tEw27BS2IkJUnIi|0000002;text: OK->7/10/2017 5:40:49 PM userId: user88;replyToId: 8f8ol58tEw27BS2IkJUnIi|0000002
username: user88;conversationId: 8f8ol58tEw27BS2IkJUnIi;messageid: 8f8ol58tEw27BS2IkJUnIi|0000004;;
username: user88;conversationId: 8f8ol58tEw27BS2IkJUnIi;messageid: 8f8ol58tEw27BS2IkJUnIi|0000004;text: OK->7/10/2017 5:40:49 PM userId: user88;replyToId: NV
username: user89;conversationId: DZ8RB5FPZbw5VjLulyUhBR;messageid: DZ8RB5FPZbw5VjLulyUhBR|0000002;;
username: user89;conversationId: DZ8RB5FPZbw5VjLulyUhBR;messageid: DZ8RB5FPZbw5VjLulyUhBR|0000002;text: OK->7/10/2017 5:40:49 PM userId: user89;replyToId: DZ8RB5FPZbw5VjLulyUhBR|0000002
username: user89;conversationId: DZ8RB5FPZbw5VjLulyUhBR;messageid: DZ8RB5FPZbw5VjLulyUhBR|0000004;;
username: user89;conversationId: DZ8RB5FPZbw5VjLulyUhBR;messageid: DZ8RB5FPZbw5VjLulyUhBR|0000004;text: OK->7/10/2017 5:40:49 PM userId: user89;replyToId: NV
username: user90;conversationId: 5kY25BJFGdzJmXbr3y9ECk;messageid: 5kY25BJFGdzJmXbr3y9ECk|0000002;;
username: user90;conversationId: 5kY25BJFGdzJmXbr3y9ECk;messageid: 5kY25BJFGdzJmXbr3y9ECk|0000002;text: OK->7/10/2017 5:40:49 PM userId: user90;replyToId: 5kY25BJFGdzJmXbr3y9ECk|0000002
username: user90;conversationId: 5kY25BJFGdzJmXbr3y9ECk;messageid: 5kY25BJFGdzJmXbr3y9ECk|0000004;;
username: user90;conversationId: 5kY25BJFGdzJmXbr3y9ECk;messageid: 5kY25BJFGdzJmXbr3y9ECk|0000004;text: OK->7/10/2017 5:40:49 PM userId: user90;replyToId: NV
username: user91;conversationId: 7gM2pFANSyBBH2iJwOkMwn;messageid: 7gM2pFANSyBBH2iJwOkMwn|0000002;;
username: user91;conversationId: 7gM2pFANSyBBH2iJwOkMwn;messageid: 7gM2pFANSyBBH2iJwOkMwn|0000002;text: OK->7/10/2017 5:40:50 PM userId: user91;replyToId: 7gM2pFANSyBBH2iJwOkMwn|0000002
username: user91;conversationId: 7gM2pFANSyBBH2iJwOkMwn;messageid: 7gM2pFANSyBBH2iJwOkMwn|0000004;;
username: user91;conversationId: 7gM2pFANSyBBH2iJwOkMwn;messageid: 7gM2pFANSyBBH2iJwOkMwn|0000004;text: OK->7/10/2017 5:40:50 PM userId: user91;replyToId: NV
username: user92;conversationId: 8bBbdU9KDwlDmWVtxIGsa6;messageid: 8bBbdU9KDwlDmWVtxIGsa6|0000002;;
username: user92;conversationId: 8bBbdU9KDwlDmWVtxIGsa6;messageid: 8bBbdU9KDwlDmWVtxIGsa6|0000002;text: OK->7/10/2017 5:40:50 PM userId: user92;replyToId: 8bBbdU9KDwlDmWVtxIGsa6|0000002
username: user92;conversationId: 8bBbdU9KDwlDmWVtxIGsa6;messageid: 8bBbdU9KDwlDmWVtxIGsa6|0000004;;
username: user92;conversationId: 8bBbdU9KDwlDmWVtxIGsa6;messageid: 8bBbdU9KDwlDmWVtxIGsa6|0000004;text: OK->7/10/2017 5:40:50 PM userId: user92;replyToId: NV
username: user93;conversationId: KLpTmOTliQXC2MBOgNg5X0;messageid: KLpTmOTliQXC2MBOgNg5X0|0000002;;
username: user93;conversationId: KLpTmOTliQXC2MBOgNg5X0;messageid: KLpTmOTliQXC2MBOgNg5X0|0000002;text: OK->7/10/2017 5:40:50 PM userId: user93;replyToId: KLpTmOTliQXC2MBOgNg5X0|0000002
username: user93;conversationId: KLpTmOTliQXC2MBOgNg5X0;messageid: KLpTmOTliQXC2MBOgNg5X0|0000004;;
username: user93;conversationId: KLpTmOTliQXC2MBOgNg5X0;messageid: KLpTmOTliQXC2MBOgNg5X0|0000004;text: OK->7/10/2017 5:40:50 PM userId: user93;replyToId: NV
username: user94;conversationId: 1nUKATZ0yKEDuQH0sdYoQU;messageid: 1nUKATZ0yKEDuQH0sdYoQU|0000002;;
username: user94;conversationId: 1nUKATZ0yKEDuQH0sdYoQU;messageid: 1nUKATZ0yKEDuQH0sdYoQU|0000002;text: OK->7/10/2017 5:40:50 PM userId: user94;replyToId: 1nUKATZ0yKEDuQH0sdYoQU|0000002
username: user94;conversationId: 1nUKATZ0yKEDuQH0sdYoQU;messageid: 1nUKATZ0yKEDuQH0sdYoQU|0000004;;
username: user94;conversationId: 1nUKATZ0yKEDuQH0sdYoQU;messageid: 1nUKATZ0yKEDuQH0sdYoQU|0000004;text: OK->7/10/2017 5:40:50 PM userId: user94;replyToId: NV
username: user95;conversationId: 9SEzvbegFZIDsPOews5zzy;messageid: 9SEzvbegFZIDsPOews5zzy|0000002;;
username: user95;conversationId: 9SEzvbegFZIDsPOews5zzy;messageid: 9SEzvbegFZIDsPOews5zzy|0000002;text: OK->7/10/2017 5:40:50 PM userId: user95;replyToId: 9SEzvbegFZIDsPOews5zzy|0000002
username: user95;conversationId: 9SEzvbegFZIDsPOews5zzy;messageid: 9SEzvbegFZIDsPOews5zzy|0000004;;
username: user95;conversationId: 9SEzvbegFZIDsPOews5zzy;messageid: 9SEzvbegFZIDsPOews5zzy|0000004;text: OK->7/10/2017 5:40:50 PM userId: user95;replyToId: NV
username: user96;conversationId: 2UyvFiisiJv85mo5w5PBg2;messageid: 2UyvFiisiJv85mo5w5PBg2|0000002;;
username: user96;conversationId: 2UyvFiisiJv85mo5w5PBg2;messageid: 2UyvFiisiJv85mo5w5PBg2|0000002;text: OK->7/10/2017 5:40:50 PM userId: user96;replyToId: 2UyvFiisiJv85mo5w5PBg2|0000002
username: user96;conversationId: 2UyvFiisiJv85mo5w5PBg2;messageid: 2UyvFiisiJv85mo5w5PBg2|0000004;;
username: user96;conversationId: 2UyvFiisiJv85mo5w5PBg2;messageid: 2UyvFiisiJv85mo5w5PBg2|0000004;text: OK->7/10/2017 5:40:50 PM userId: user96;replyToId: NV
username: user97;conversationId: K8tmJGubuNoDURYULt1EUS;messageid: K8tmJGubuNoDURYULt1EUS|0000002;;
username: user97;conversationId: K8tmJGubuNoDURYULt1EUS;messageid: K8tmJGubuNoDURYULt1EUS|0000002;text: OK->7/10/2017 5:40:51 PM userId: user97;replyToId: K8tmJGubuNoDURYULt1EUS|0000002
username: user97;conversationId: K8tmJGubuNoDURYULt1EUS;messageid: K8tmJGubuNoDURYULt1EUS|0000004;;
username: user97;conversationId: K8tmJGubuNoDURYULt1EUS;messageid: K8tmJGubuNoDURYULt1EUS|0000004;text: OK->7/10/2017 5:40:51 PM userId: user97;replyToId: NV
username: user98;conversationId: EM2TlYgSua9F7bqPsumNwD;messageid: EM2TlYgSua9F7bqPsumNwD|0000002;;
username: user98;conversationId: EM2TlYgSua9F7bqPsumNwD;messageid: EM2TlYgSua9F7bqPsumNwD|0000002;text: OK->7/10/2017 5:40:51 PM userId: user98;replyToId: EM2TlYgSua9F7bqPsumNwD|0000002
username: user98;conversationId: EM2TlYgSua9F7bqPsumNwD;messageid: EM2TlYgSua9F7bqPsumNwD|0000004;;
username: user98;conversationId: EM2TlYgSua9F7bqPsumNwD;messageid: EM2TlYgSua9F7bqPsumNwD|0000004;text: OK->7/10/2017 5:40:51 PM userId: user98;replyToId: NV
username: user99;conversationId: 1go2ieyYitMMOEE13Ztja;messageid: 1go2ieyYitMMOEE13Ztja|0000002;;
username: user99;conversationId: 1go2ieyYitMMOEE13Ztja;messageid: 1go2ieyYitMMOEE13Ztja|0000002;text: OK->7/10/2017 5:40:58 PM userId: user99;replyToId: 1go2ieyYitMMOEE13Ztja|0000002
username: user99;conversationId: 1go2ieyYitMMOEE13Ztja;messageid: 1go2ieyYitMMOEE13Ztja|0000004;;
username: user99;conversationId: 1go2ieyYitMMOEE13Ztja;messageid: 1go2ieyYitMMOEE13Ztja|0000004;text: OK->7/10/2017 5:40:58 PM userId: user99;replyToId: NV
