username: user01;conversationId: 6FJxxMaDENq8RTkkR5Zd12;messageid: 6FJxxMaDENq8RTkkR5Zd12|0000002;;
username: user01;conversationId: 6FJxxMaDENq8RTkkR5Zd12;messageid: 6FJxxMaDENq8RTkkR5Zd12|0000002;text: OK->7/10/2017 3:10:30 PM userId: user01;replyToId: 6FJxxMaDENq8RTkkR5Zd12|0000002
username: user01;conversationId: 6FJxxMaDENq8RTkkR5Zd12;messageid: 6FJxxMaDENq8RTkkR5Zd12|0000004;;
username: user01;conversationId: 6FJxxMaDENq8RTkkR5Zd12;messageid: 6FJxxMaDENq8RTkkR5Zd12|0000004;text: OK->7/10/2017 3:10:30 PM userId: user01;replyToId: NV
username: user02;conversationId: LNC24Nq8QixAq3Hn3GHy7e;messageid: LNC24Nq8QixAq3Hn3GHy7e|0000002;;
username: user02;conversationId: LNC24Nq8QixAq3Hn3GHy7e;messageid: LNC24Nq8QixAq3Hn3GHy7e|0000002;text: OK->7/10/2017 3:10:30 PM userId: user02;replyToId: LNC24Nq8QixAq3Hn3GHy7e|0000002
username: user02;conversationId: LNC24Nq8QixAq3Hn3GHy7e;messageid: LNC24Nq8QixAq3Hn3GHy7e|0000004;;
username: user02;conversationId: LNC24Nq8QixAq3Hn3GHy7e;messageid: LNC24Nq8QixAq3Hn3GHy7e|0000004;text: OK->7/10/2017 3:10:30 PM userId: user02;replyToId: NV
username: user03;conversationId: B9iT5bLdp3sK4RVeLepUxS;messageid: B9iT5bLdp3sK4RVeLepUxS|0000002;;
username: user03;conversationId: B9iT5bLdp3sK4RVeLepUxS;messageid: B9iT5bLdp3sK4RVeLepUxS|0000002;text: OK->7/10/2017 3:10:30 PM userId: user03;replyToId: B9iT5bLdp3sK4RVeLepUxS|0000002
username: user03;conversationId: B9iT5bLdp3sK4RVeLepUxS;messageid: B9iT5bLdp3sK4RVeLepUxS|0000004;;
username: user03;conversationId: B9iT5bLdp3sK4RVeLepUxS;messageid: B9iT5bLdp3sK4RVeLepUxS|0000004;text: OK->7/10/2017 3:10:30 PM userId: user03;replyToId: NV
username: user04;conversationId: Cv6lMAskFoQ5ZH0Cu8qBFD;messageid: Cv6lMAskFoQ5ZH0Cu8qBFD|0000002;;
username: user04;conversationId: Cv6lMAskFoQ5ZH0Cu8qBFD;messageid: Cv6lMAskFoQ5ZH0Cu8qBFD|0000002;text: OK->7/10/2017 3:10:31 PM userId: user04;replyToId: Cv6lMAskFoQ5ZH0Cu8qBFD|0000002
username: user04;conversationId: Cv6lMAskFoQ5ZH0Cu8qBFD;messageid: Cv6lMAskFoQ5ZH0Cu8qBFD|0000004;;
username: user04;conversationId: Cv6lMAskFoQ5ZH0Cu8qBFD;messageid: Cv6lMAskFoQ5ZH0Cu8qBFD|0000004;text: OK->7/10/2017 3:10:31 PM userId: user04;replyToId: NV
username: user05;conversationId: 2VH0fNUedfuKALCRKb8NPV;messageid: 2VH0fNUedfuKALCRKb8NPV|0000002;;
username: user05;conversationId: 2VH0fNUedfuKALCRKb8NPV;messageid: 2VH0fNUedfuKALCRKb8NPV|0000002;text: OK->7/10/2017 3:10:31 PM userId: user05;replyToId: 2VH0fNUedfuKALCRKb8NPV|0000002
username: user05;conversationId: 2VH0fNUedfuKALCRKb8NPV;messageid: 2VH0fNUedfuKALCRKb8NPV|0000004;;
username: user05;conversationId: 2VH0fNUedfuKALCRKb8NPV;messageid: 2VH0fNUedfuKALCRKb8NPV|0000004;text: OK->7/10/2017 3:10:31 PM userId: user05;replyToId: NV
username: user06;conversationId: A1lwm2oXePb82SVuXvIlp5;messageid: A1lwm2oXePb82SVuXvIlp5|0000002;;
username: user06;conversationId: A1lwm2oXePb82SVuXvIlp5;messageid: A1lwm2oXePb82SVuXvIlp5|0000002;text: OK->7/10/2017 3:10:32 PM userId: user06;replyToId: A1lwm2oXePb82SVuXvIlp5|0000002
username: user06;conversationId: A1lwm2oXePb82SVuXvIlp5;messageid: A1lwm2oXePb82SVuXvIlp5|0000004;;
username: user06;conversationId: A1lwm2oXePb82SVuXvIlp5;messageid: A1lwm2oXePb82SVuXvIlp5|0000004;text: OK->7/10/2017 3:10:32 PM userId: user06;replyToId: NV
username: user07;conversationId: KaRe2RiFoJG1Gi1gG6JXlu;messageid: KaRe2RiFoJG1Gi1gG6JXlu|0000002;;
username: user07;conversationId: KaRe2RiFoJG1Gi1gG6JXlu;messageid: KaRe2RiFoJG1Gi1gG6JXlu|0000002;text: OK->7/10/2017 3:10:32 PM userId: user07;replyToId: KaRe2RiFoJG1Gi1gG6JXlu|0000002
username: user07;conversationId: KaRe2RiFoJG1Gi1gG6JXlu;messageid: KaRe2RiFoJG1Gi1gG6JXlu|0000004;;
username: user07;conversationId: KaRe2RiFoJG1Gi1gG6JXlu;messageid: KaRe2RiFoJG1Gi1gG6JXlu|0000004;text: OK->7/10/2017 3:10:32 PM userId: user07;replyToId: NV
username: user08;conversationId: 84E1BoBCPSwG2u6hTX4uPh;messageid: 84E1BoBCPSwG2u6hTX4uPh|0000002;;
username: user08;conversationId: 84E1BoBCPSwG2u6hTX4uPh;messageid: 84E1BoBCPSwG2u6hTX4uPh|0000002;text: OK->7/10/2017 3:10:32 PM userId: user08;replyToId: 84E1BoBCPSwG2u6hTX4uPh|0000002
username: user08;conversationId: 84E1BoBCPSwG2u6hTX4uPh;messageid: 84E1BoBCPSwG2u6hTX4uPh|0000004;;
username: user08;conversationId: 84E1BoBCPSwG2u6hTX4uPh;messageid: 84E1BoBCPSwG2u6hTX4uPh|0000004;text: OK->7/10/2017 3:10:32 PM userId: user08;replyToId: NV
username: user09;conversationId: 3Iv2xRNqvPcFwzW1610szY;messageid: 3Iv2xRNqvPcFwzW1610szY|0000002;;
username: user09;conversationId: 3Iv2xRNqvPcFwzW1610szY;messageid: 3Iv2xRNqvPcFwzW1610szY|0000002;text: OK->7/10/2017 3:10:33 PM userId: user09;replyToId: 3Iv2xRNqvPcFwzW1610szY|0000002
username: user09;conversationId: 3Iv2xRNqvPcFwzW1610szY;messageid: 3Iv2xRNqvPcFwzW1610szY|0000004;;
username: user09;conversationId: 3Iv2xRNqvPcFwzW1610szY;messageid: 3Iv2xRNqvPcFwzW1610szY|0000004;text: OK->7/10/2017 3:10:33 PM userId: user09;replyToId: NV
username: user10;conversationId: 3OU3XtsqXfqKvNgxWhywMf;messageid: 3OU3XtsqXfqKvNgxWhywMf|0000002;;
username: user10;conversationId: 3OU3XtsqXfqKvNgxWhywMf;messageid: 3OU3XtsqXfqKvNgxWhywMf|0000002;text: OK->7/10/2017 3:10:33 PM userId: user10;replyToId: 3OU3XtsqXfqKvNgxWhywMf|0000002
username: user10;conversationId: 3OU3XtsqXfqKvNgxWhywMf;messageid: 3OU3XtsqXfqKvNgxWhywMf|0000004;;
username: user10;conversationId: 3OU3XtsqXfqKvNgxWhywMf;messageid: 3OU3XtsqXfqKvNgxWhywMf|0000004;text: OK->7/10/2017 3:10:33 PM userId: user10;replyToId: NV
username: user100;conversationId: uhH5YDqGunD82KUPtJlJU;messageid: uhH5YDqGunD82KUPtJlJU|0000002;;
username: user100;conversationId: uhH5YDqGunD82KUPtJlJU;messageid: uhH5YDqGunD82KUPtJlJU|0000002;text: OK->7/10/2017 3:11:42 PM userId: user100;replyToId: uhH5YDqGunD82KUPtJlJU|0000002
username: user100;conversationId: uhH5YDqGunD82KUPtJlJU;messageid: uhH5YDqGunD82KUPtJlJU|0000004;;
username: user100;conversationId: uhH5YDqGunD82KUPtJlJU;messageid: uhH5YDqGunD82KUPtJlJU|0000004;text: OK->7/10/2017 3:11:42 PM userId: user100;replyToId: NV
username: user11;conversationId: 1jNuBokIQwmAjJspUr7VpR;messageid: 1jNuBokIQwmAjJspUr7VpR|0000002;;
username: user11;conversationId: 1jNuBokIQwmAjJspUr7VpR;messageid: 1jNuBokIQwmAjJspUr7VpR|0000002;text: OK->7/10/2017 3:10:34 PM userId: user11;replyToId: 1jNuBokIQwmAjJspUr7VpR|0000002
username: user11;conversationId: 1jNuBokIQwmAjJspUr7VpR;messageid: 1jNuBokIQwmAjJspUr7VpR|0000004;;
username: user11;conversationId: 1jNuBokIQwmAjJspUr7VpR;messageid: 1jNuBokIQwmAjJspUr7VpR|0000004;text: OK->7/10/2017 3:10:34 PM userId: user11;replyToId: NV
username: user12;conversationId: 6RnuLcah3lQI3bwrC5eMXA;messageid: 6RnuLcah3lQI3bwrC5eMXA|0000002;;
username: user12;conversationId: 6RnuLcah3lQI3bwrC5eMXA;messageid: 6RnuLcah3lQI3bwrC5eMXA|0000002;text: OK->7/10/2017 3:10:33 PM userId: user12;replyToId: 6RnuLcah3lQI3bwrC5eMXA|0000002
username: user12;conversationId: 6RnuLcah3lQI3bwrC5eMXA;messageid: 6RnuLcah3lQI3bwrC5eMXA|0000004;;
username: user12;conversationId: 6RnuLcah3lQI3bwrC5eMXA;messageid: 6RnuLcah3lQI3bwrC5eMXA|0000004;text: OK->7/10/2017 3:10:33 PM userId: user12;replyToId: NV
username: user13;conversationId: H7UsZgkbF9yFkaSaxMtNgp;messageid: H7UsZgkbF9yFkaSaxMtNgp|0000002;;
username: user13;conversationId: H7UsZgkbF9yFkaSaxMtNgp;messageid: H7UsZgkbF9yFkaSaxMtNgp|0000002;text: OK->7/10/2017 3:10:34 PM userId: user13;replyToId: H7UsZgkbF9yFkaSaxMtNgp|0000002
username: user13;conversationId: H7UsZgkbF9yFkaSaxMtNgp;messageid: H7UsZgkbF9yFkaSaxMtNgp|0000004;;
username: user13;conversationId: H7UsZgkbF9yFkaSaxMtNgp;messageid: H7UsZgkbF9yFkaSaxMtNgp|0000004;text: OK->7/10/2017 3:10:34 PM userId: user13;replyToId: NV
username: user14;conversationId: 9mLU8Vq3AFs8SUK1khwgST;messageid: 9mLU8Vq3AFs8SUK1khwgST|0000002;;
username: user14;conversationId: 9mLU8Vq3AFs8SUK1khwgST;messageid: 9mLU8Vq3AFs8SUK1khwgST|0000002;text: OK->7/10/2017 3:10:35 PM userId: user14;replyToId: 9mLU8Vq3AFs8SUK1khwgST|0000002
username: user14;conversationId: 9mLU8Vq3AFs8SUK1khwgST;messageid: 9mLU8Vq3AFs8SUK1khwgST|0000004;;
username: user14;conversationId: 9mLU8Vq3AFs8SUK1khwgST;messageid: 9mLU8Vq3AFs8SUK1khwgST|0000004;text: OK->7/10/2017 3:10:35 PM userId: user14;replyToId: NV
username: user15;conversationId: GMJ8e0QOtARFykTl70G1A2;messageid: GMJ8e0QOtARFykTl70G1A2|0000002;;
username: user15;conversationId: GMJ8e0QOtARFykTl70G1A2;messageid: GMJ8e0QOtARFykTl70G1A2|0000002;text: OK->7/10/2017 3:10:35 PM userId: user15;replyToId: GMJ8e0QOtARFykTl70G1A2|0000002
username: user15;conversationId: GMJ8e0QOtARFykTl70G1A2;messageid: GMJ8e0QOtARFykTl70G1A2|0000004;;
username: user15;conversationId: GMJ8e0QOtARFykTl70G1A2;messageid: GMJ8e0QOtARFykTl70G1A2|0000004;text: OK->7/10/2017 3:10:35 PM userId: user15;replyToId: NV
username: user16;conversationId: GdsFKX1e4mL12AtzRcJ3pT;messageid: GdsFKX1e4mL12AtzRcJ3pT|0000002;;
username: user16;conversationId: GdsFKX1e4mL12AtzRcJ3pT;messageid: GdsFKX1e4mL12AtzRcJ3pT|0000002;text: OK->7/10/2017 3:10:34 PM userId: user16;replyToId: GdsFKX1e4mL12AtzRcJ3pT|0000002
username: user16;conversationId: GdsFKX1e4mL12AtzRcJ3pT;messageid: GdsFKX1e4mL12AtzRcJ3pT|0000004;;
username: user16;conversationId: GdsFKX1e4mL12AtzRcJ3pT;messageid: GdsFKX1e4mL12AtzRcJ3pT|0000004;text: OK->7/10/2017 3:10:34 PM userId: user16;replyToId: NV
username: user17;conversationId: HbGzGCUFAyy2PDdjEZRYdm;messageid: HbGzGCUFAyy2PDdjEZRYdm|0000002;;
username: user17;conversationId: HbGzGCUFAyy2PDdjEZRYdm;messageid: HbGzGCUFAyy2PDdjEZRYdm|0000002;text: OK->7/10/2017 3:10:35 PM userId: user17;replyToId: HbGzGCUFAyy2PDdjEZRYdm|0000002
username: user17;conversationId: HbGzGCUFAyy2PDdjEZRYdm;messageid: HbGzGCUFAyy2PDdjEZRYdm|0000004;;
username: user17;conversationId: HbGzGCUFAyy2PDdjEZRYdm;messageid: HbGzGCUFAyy2PDdjEZRYdm|0000004;text: OK->7/10/2017 3:10:35 PM userId: user17;replyToId: NV
username: user18;conversationId: KgHZKYtvQtGJoTV3g0dUtX;messageid: KgHZKYtvQtGJoTV3g0dUtX|0000002;;
username: user18;conversationId: KgHZKYtvQtGJoTV3g0dUtX;messageid: KgHZKYtvQtGJoTV3g0dUtX|0000002;text: OK->7/10/2017 3:10:35 PM userId: user18;replyToId: KgHZKYtvQtGJoTV3g0dUtX|0000002
username: user18;conversationId: KgHZKYtvQtGJoTV3g0dUtX;messageid: KgHZKYtvQtGJoTV3g0dUtX|0000004;;
username: user18;conversationId: KgHZKYtvQtGJoTV3g0dUtX;messageid: KgHZKYtvQtGJoTV3g0dUtX|0000004;text: OK->7/10/2017 3:10:35 PM userId: user18;replyToId: NV
username: user19;conversationId: GFKurI2lanWJ98cWV6Fz1o;messageid: GFKurI2lanWJ98cWV6Fz1o|0000002;;
username: user19;conversationId: GFKurI2lanWJ98cWV6Fz1o;messageid: GFKurI2lanWJ98cWV6Fz1o|0000002;text: OK->7/10/2017 3:10:37 PM userId: user19;replyToId: GFKurI2lanWJ98cWV6Fz1o|0000002
username: user19;conversationId: GFKurI2lanWJ98cWV6Fz1o;messageid: GFKurI2lanWJ98cWV6Fz1o|0000004;;
username: user19;conversationId: GFKurI2lanWJ98cWV6Fz1o;messageid: GFKurI2lanWJ98cWV6Fz1o|0000004;text: OK->7/10/2017 3:10:37 PM userId: user19;replyToId: NV
username: user20;conversationId: L1ALaLtx0JzFtYt1HCno3x;messageid: L1ALaLtx0JzFtYt1HCno3x|0000002;;
username: user20;conversationId: L1ALaLtx0JzFtYt1HCno3x;messageid: L1ALaLtx0JzFtYt1HCno3x|0000002;text: OK->7/10/2017 3:10:37 PM userId: user20;replyToId: L1ALaLtx0JzFtYt1HCno3x|0000002
username: user20;conversationId: L1ALaLtx0JzFtYt1HCno3x;messageid: L1ALaLtx0JzFtYt1HCno3x|0000004;;
username: user20;conversationId: L1ALaLtx0JzFtYt1HCno3x;messageid: L1ALaLtx0JzFtYt1HCno3x|0000004;text: OK->7/10/2017 3:10:37 PM userId: user20;replyToId: NV
username: user21;conversationId: KIGJ1c3Duk96pSblnNzUUZ;messageid: KIGJ1c3Duk96pSblnNzUUZ|0000002;;
username: user21;conversationId: KIGJ1c3Duk96pSblnNzUUZ;messageid: KIGJ1c3Duk96pSblnNzUUZ|0000002;text: OK->7/10/2017 3:10:45 PM userId: user21;replyToId: KIGJ1c3Duk96pSblnNzUUZ|0000002
username: user21;conversationId: KIGJ1c3Duk96pSblnNzUUZ;messageid: KIGJ1c3Duk96pSblnNzUUZ|0000004;;
username: user21;conversationId: KIGJ1c3Duk96pSblnNzUUZ;messageid: KIGJ1c3Duk96pSblnNzUUZ|0000004;text: OK->7/10/2017 3:10:45 PM userId: user21;replyToId: NV
username: user22;conversationId: OKGxmHCEFO5v8QdxjNgot;messageid: OKGxmHCEFO5v8QdxjNgot|0000002;;
username: user22;conversationId: OKGxmHCEFO5v8QdxjNgot;messageid: OKGxmHCEFO5v8QdxjNgot|0000002;text: OK->7/10/2017 3:10:45 PM userId: user22;replyToId: OKGxmHCEFO5v8QdxjNgot|0000002
username: user22;conversationId: OKGxmHCEFO5v8QdxjNgot;messageid: OKGxmHCEFO5v8QdxjNgot|0000004;;
username: user22;conversationId: OKGxmHCEFO5v8QdxjNgot;messageid: OKGxmHCEFO5v8QdxjNgot|0000004;text: OK->7/10/2017 3:10:45 PM userId: user22;replyToId: NV
username: user23;conversationId: Jc2MlooXirU4gYjezmy24F;messageid: Jc2MlooXirU4gYjezmy24F|0000002;;
username: user23;conversationId: Jc2MlooXirU4gYjezmy24F;messageid: Jc2MlooXirU4gYjezmy24F|0000002;text: OK->7/10/2017 3:10:46 PM userId: user23;replyToId: Jc2MlooXirU4gYjezmy24F|0000002
username: user23;conversationId: Jc2MlooXirU4gYjezmy24F;messageid: Jc2MlooXirU4gYjezmy24F|0000004;text: OK->7/10/2017 3:10:46 PM userId: user23;replyToId: NV
username: user24;conversationId: CqvY33oeD264cJYGRmVTr8;messageid: CqvY33oeD264cJYGRmVTr8|0000002;;
username: user24;conversationId: CqvY33oeD264cJYGRmVTr8;messageid: CqvY33oeD264cJYGRmVTr8|0000002;text: OK->7/10/2017 3:10:46 PM userId: user24;replyToId: CqvY33oeD264cJYGRmVTr8|0000002
username: user24;conversationId: CqvY33oeD264cJYGRmVTr8;messageid: CqvY33oeD264cJYGRmVTr8|0000004;;
username: user24;conversationId: CqvY33oeD264cJYGRmVTr8;messageid: CqvY33oeD264cJYGRmVTr8|0000004;text: OK->7/10/2017 3:10:46 PM userId: user24;replyToId: NV
username: user25;conversationId: Dk0FOU0ZcA531iEn2sNodM;messageid: Dk0FOU0ZcA531iEn2sNodM|0000002;;
username: user25;conversationId: Dk0FOU0ZcA531iEn2sNodM;messageid: Dk0FOU0ZcA531iEn2sNodM|0000002;text: OK->7/10/2017 3:10:46 PM userId: user25;replyToId: Dk0FOU0ZcA531iEn2sNodM|0000002
username: user25;conversationId: Dk0FOU0ZcA531iEn2sNodM;messageid: Dk0FOU0ZcA531iEn2sNodM|0000004;;
username: user25;conversationId: Dk0FOU0ZcA531iEn2sNodM;messageid: Dk0FOU0ZcA531iEn2sNodM|0000004;text: OK->7/10/2017 3:10:46 PM userId: user25;replyToId: NV
username: user26;conversationId: 9kUVisLUsCBLIGUIEfuy1k;messageid: 9kUVisLUsCBLIGUIEfuy1k|0000002;;
username: user26;conversationId: 9kUVisLUsCBLIGUIEfuy1k;messageid: 9kUVisLUsCBLIGUIEfuy1k|0000002;text: OK->7/10/2017 3:10:46 PM userId: user26;replyToId: 9kUVisLUsCBLIGUIEfuy1k|0000002
username: user26;conversationId: 9kUVisLUsCBLIGUIEfuy1k;messageid: 9kUVisLUsCBLIGUIEfuy1k|0000004;;
username: user26;conversationId: 9kUVisLUsCBLIGUIEfuy1k;messageid: 9kUVisLUsCBLIGUIEfuy1k|0000004;text: OK->7/10/2017 3:10:46 PM userId: user26;replyToId: NV
username: user27;conversationId: 8ixL76xcfUGC7yoLSyK4LJ;messageid: 8ixL76xcfUGC7yoLSyK4LJ|0000002;;
username: user27;conversationId: 8ixL76xcfUGC7yoLSyK4LJ;messageid: 8ixL76xcfUGC7yoLSyK4LJ|0000002;text: OK->7/10/2017 3:10:46 PM userId: user27;replyToId: 8ixL76xcfUGC7yoLSyK4LJ|0000002
username: user27;conversationId: 8ixL76xcfUGC7yoLSyK4LJ;messageid: 8ixL76xcfUGC7yoLSyK4LJ|0000004;text: OK->7/10/2017 3:10:46 PM userId: user27;replyToId: NV
username: user28;conversationId: 8zQrLKCLTp8K5lEQhKKzFq;messageid: 8zQrLKCLTp8K5lEQhKKzFq|0000002;;
username: user28;conversationId: 8zQrLKCLTp8K5lEQhKKzFq;messageid: 8zQrLKCLTp8K5lEQhKKzFq|0000002;text: OK->7/10/2017 3:10:46 PM userId: user28;replyToId: 8zQrLKCLTp8K5lEQhKKzFq|0000002
username: user28;conversationId: 8zQrLKCLTp8K5lEQhKKzFq;messageid: 8zQrLKCLTp8K5lEQhKKzFq|0000004;;
username: user28;conversationId: 8zQrLKCLTp8K5lEQhKKzFq;messageid: 8zQrLKCLTp8K5lEQhKKzFq|0000004;text: OK->7/10/2017 3:10:46 PM userId: user28;replyToId: NV
username: user29;conversationId: 9xW4lNTNqzBL5hP2Uxhrxo;messageid: 9xW4lNTNqzBL5hP2Uxhrxo|0000002;;
username: user29;conversationId: 9xW4lNTNqzBL5hP2Uxhrxo;messageid: 9xW4lNTNqzBL5hP2Uxhrxo|0000002;text: OK->7/10/2017 3:10:46 PM userId: user29;replyToId: 9xW4lNTNqzBL5hP2Uxhrxo|0000002
username: user29;conversationId: 9xW4lNTNqzBL5hP2Uxhrxo;messageid: 9xW4lNTNqzBL5hP2Uxhrxo|0000004;;
username: user29;conversationId: 9xW4lNTNqzBL5hP2Uxhrxo;messageid: 9xW4lNTNqzBL5hP2Uxhrxo|0000004;text: OK->7/10/2017 3:10:46 PM userId: user29;replyToId: NV
username: user30;conversationId: 24mZWSPDoQCCcUiiecqa7f;messageid: 24mZWSPDoQCCcUiiecqa7f|0000002;;
username: user30;conversationId: 24mZWSPDoQCCcUiiecqa7f;messageid: 24mZWSPDoQCCcUiiecqa7f|0000002;text: OK->7/10/2017 3:10:46 PM userId: user30;replyToId: 24mZWSPDoQCCcUiiecqa7f|0000002
username: user30;conversationId: 24mZWSPDoQCCcUiiecqa7f;messageid: 24mZWSPDoQCCcUiiecqa7f|0000004;;
username: user30;conversationId: 24mZWSPDoQCCcUiiecqa7f;messageid: 24mZWSPDoQCCcUiiecqa7f|0000004;text: OK->7/10/2017 3:10:46 PM userId: user30;replyToId: NV
username: user31;conversationId: L07wutNu3tQCZii39kBMOL;messageid: L07wutNu3tQCZii39kBMOL|0000002;;
username: user31;conversationId: L07wutNu3tQCZii39kBMOL;messageid: L07wutNu3tQCZii39kBMOL|0000002;text: OK->7/10/2017 3:10:48 PM userId: user31;replyToId: L07wutNu3tQCZii39kBMOL|0000002
username: user31;conversationId: L07wutNu3tQCZii39kBMOL;messageid: L07wutNu3tQCZii39kBMOL|0000004;;
username: user31;conversationId: L07wutNu3tQCZii39kBMOL;messageid: L07wutNu3tQCZii39kBMOL|0000004;text: OK->7/10/2017 3:10:48 PM userId: user31;replyToId: NV
username: user32;conversationId: IWgiQSr64Fk5uDdE1QcRob;messageid: IWgiQSr64Fk5uDdE1QcRob|0000002;;
username: user32;conversationId: IWgiQSr64Fk5uDdE1QcRob;messageid: IWgiQSr64Fk5uDdE1QcRob|0000002;text: OK->7/10/2017 3:10:48 PM userId: user32;replyToId: IWgiQSr64Fk5uDdE1QcRob|0000002
username: user32;conversationId: IWgiQSr64Fk5uDdE1QcRob;messageid: IWgiQSr64Fk5uDdE1QcRob|0000004;text: OK->7/10/2017 3:10:48 PM userId: user32;replyToId: NV
username: user33;conversationId: 58gmPLrQZWO1I2qqAloCGU;messageid: 58gmPLrQZWO1I2qqAloCGU|0000002;;
username: user33;conversationId: 58gmPLrQZWO1I2qqAloCGU;messageid: 58gmPLrQZWO1I2qqAloCGU|0000002;text: OK->7/10/2017 3:10:48 PM userId: user33;replyToId: 58gmPLrQZWO1I2qqAloCGU|0000002
username: user33;conversationId: 58gmPLrQZWO1I2qqAloCGU;messageid: 58gmPLrQZWO1I2qqAloCGU|0000004;;
username: user33;conversationId: 58gmPLrQZWO1I2qqAloCGU;messageid: 58gmPLrQZWO1I2qqAloCGU|0000004;text: OK->7/10/2017 3:10:48 PM userId: user33;replyToId: NV
username: user34;conversationId: 5vSIXi3ecAHChFr1BUprfx;messageid: 5vSIXi3ecAHChFr1BUprfx|0000002;;
username: user34;conversationId: 5vSIXi3ecAHChFr1BUprfx;messageid: 5vSIXi3ecAHChFr1BUprfx|0000002;text: OK->7/10/2017 3:10:49 PM userId: user34;replyToId: 5vSIXi3ecAHChFr1BUprfx|0000002
username: user34;conversationId: 5vSIXi3ecAHChFr1BUprfx;messageid: 5vSIXi3ecAHChFr1BUprfx|0000004;;
username: user34;conversationId: 5vSIXi3ecAHChFr1BUprfx;messageid: 5vSIXi3ecAHChFr1BUprfx|0000004;text: OK->7/10/2017 3:10:49 PM userId: user34;replyToId: NV
username: user35;conversationId: Aok0oZhDZF6kSwZ3akBHL;messageid: Aok0oZhDZF6kSwZ3akBHL|0000002;;
username: user35;conversationId: Aok0oZhDZF6kSwZ3akBHL;messageid: Aok0oZhDZF6kSwZ3akBHL|0000002;text: OK->7/10/2017 3:10:49 PM userId: user35;replyToId: Aok0oZhDZF6kSwZ3akBHL|0000002
username: user35;conversationId: Aok0oZhDZF6kSwZ3akBHL;messageid: Aok0oZhDZF6kSwZ3akBHL|0000004;;
username: user35;conversationId: Aok0oZhDZF6kSwZ3akBHL;messageid: Aok0oZhDZF6kSwZ3akBHL|0000004;text: OK->7/10/2017 3:10:49 PM userId: user35;replyToId: NV
username: user36;conversationId: 4XYUG8Kt99iHjk5nyoROFI;messageid: 4XYUG8Kt99iHjk5nyoROFI|0000002;;
username: user36;conversationId: 4XYUG8Kt99iHjk5nyoROFI;messageid: 4XYUG8Kt99iHjk5nyoROFI|0000002;text: OK->7/10/2017 3:10:49 PM userId: user36;replyToId: 4XYUG8Kt99iHjk5nyoROFI|0000002
username: user36;conversationId: 4XYUG8Kt99iHjk5nyoROFI;messageid: 4XYUG8Kt99iHjk5nyoROFI|0000004;;
username: user36;conversationId: 4XYUG8Kt99iHjk5nyoROFI;messageid: 4XYUG8Kt99iHjk5nyoROFI|0000004;text: OK->7/10/2017 3:10:49 PM userId: user36;replyToId: NV
username: user37;conversationId: EbZrBIdAbYpIDIYtFw0nnc;messageid: EbZrBIdAbYpIDIYtFw0nnc|0000002;;
username: user37;conversationId: EbZrBIdAbYpIDIYtFw0nnc;messageid: EbZrBIdAbYpIDIYtFw0nnc|0000002;text: OK->7/10/2017 3:10:48 PM userId: user37;replyToId: EbZrBIdAbYpIDIYtFw0nnc|0000002
username: user37;conversationId: EbZrBIdAbYpIDIYtFw0nnc;messageid: EbZrBIdAbYpIDIYtFw0nnc|0000004;;
username: user37;conversationId: EbZrBIdAbYpIDIYtFw0nnc;messageid: EbZrBIdAbYpIDIYtFw0nnc|0000004;text: OK->7/10/2017 3:10:48 PM userId: user37;replyToId: NV
username: user38;conversationId: 7AlkBscg7sS58TmJ4N7QgA;messageid: 7AlkBscg7sS58TmJ4N7QgA|0000002;;
username: user38;conversationId: 7AlkBscg7sS58TmJ4N7QgA;messageid: 7AlkBscg7sS58TmJ4N7QgA|0000002;text: OK->7/10/2017 3:10:48 PM userId: user38;replyToId: 7AlkBscg7sS58TmJ4N7QgA|0000002
username: user38;conversationId: 7AlkBscg7sS58TmJ4N7QgA;messageid: 7AlkBscg7sS58TmJ4N7QgA|0000004;;
username: user38;conversationId: 7AlkBscg7sS58TmJ4N7QgA;messageid: 7AlkBscg7sS58TmJ4N7QgA|0000004;text: OK->7/10/2017 3:10:48 PM userId: user38;replyToId: NV
username: user39;conversationId: HXoWA3fgnxf3aIhrdexDdV;messageid: HXoWA3fgnxf3aIhrdexDdV|0000002;;
username: user39;conversationId: HXoWA3fgnxf3aIhrdexDdV;messageid: HXoWA3fgnxf3aIhrdexDdV|0000002;text: OK->7/10/2017 3:10:49 PM userId: user39;replyToId: HXoWA3fgnxf3aIhrdexDdV|0000002
username: user39;conversationId: HXoWA3fgnxf3aIhrdexDdV;messageid: HXoWA3fgnxf3aIhrdexDdV|0000004;;
username: user39;conversationId: HXoWA3fgnxf3aIhrdexDdV;messageid: HXoWA3fgnxf3aIhrdexDdV|0000004;text: OK->7/10/2017 3:10:49 PM userId: user39;replyToId: NV
username: user40;conversationId: IMSZ2UM8hv0KD6tfUIsBhb;messageid: IMSZ2UM8hv0KD6tfUIsBhb|0000002;;
username: user40;conversationId: IMSZ2UM8hv0KD6tfUIsBhb;messageid: IMSZ2UM8hv0KD6tfUIsBhb|0000002;text: OK->7/10/2017 3:10:49 PM userId: user40;replyToId: IMSZ2UM8hv0KD6tfUIsBhb|0000002
username: user40;conversationId: IMSZ2UM8hv0KD6tfUIsBhb;messageid: IMSZ2UM8hv0KD6tfUIsBhb|0000004;;
username: user40;conversationId: IMSZ2UM8hv0KD6tfUIsBhb;messageid: IMSZ2UM8hv0KD6tfUIsBhb|0000004;text: OK->7/10/2017 3:10:49 PM userId: user40;replyToId: NV
username: user41;conversationId: KB3OpJcMDFC1jWN3WinTTv;messageid: KB3OpJcMDFC1jWN3WinTTv|0000002;;
username: user41;conversationId: KB3OpJcMDFC1jWN3WinTTv;messageid: KB3OpJcMDFC1jWN3WinTTv|0000002;text: OK->7/10/2017 3:11:00 PM userId: user41;replyToId: KB3OpJcMDFC1jWN3WinTTv|0000002
username: user41;conversationId: KB3OpJcMDFC1jWN3WinTTv;messageid: KB3OpJcMDFC1jWN3WinTTv|0000004;;
username: user41;conversationId: KB3OpJcMDFC1jWN3WinTTv;messageid: KB3OpJcMDFC1jWN3WinTTv|0000004;text: OK->7/10/2017 3:11:00 PM userId: user41;replyToId: NV
username: user42;conversationId: 118hXMcR7pv4rg3WwuvXgs;messageid: 118hXMcR7pv4rg3WwuvXgs|0000002;;
username: user42;conversationId: 118hXMcR7pv4rg3WwuvXgs;messageid: 118hXMcR7pv4rg3WwuvXgs|0000002;text: OK->7/10/2017 3:11:00 PM userId: user42;replyToId: 118hXMcR7pv4rg3WwuvXgs|0000002
username: user42;conversationId: 118hXMcR7pv4rg3WwuvXgs;messageid: 118hXMcR7pv4rg3WwuvXgs|0000004;;
username: user42;conversationId: 118hXMcR7pv4rg3WwuvXgs;messageid: 118hXMcR7pv4rg3WwuvXgs|0000004;text: OK->7/10/2017 3:11:00 PM userId: user42;replyToId: NV
username: user43;conversationId: 3cVQdm4B95tGJSkBI95eRX;messageid: 3cVQdm4B95tGJSkBI95eRX|0000002;;
username: user43;conversationId: 3cVQdm4B95tGJSkBI95eRX;messageid: 3cVQdm4B95tGJSkBI95eRX|0000002;text: OK->7/10/2017 3:11:00 PM userId: user43;replyToId: 3cVQdm4B95tGJSkBI95eRX|0000002
username: user43;conversationId: 3cVQdm4B95tGJSkBI95eRX;messageid: 3cVQdm4B95tGJSkBI95eRX|0000004;;
username: user43;conversationId: 3cVQdm4B95tGJSkBI95eRX;messageid: 3cVQdm4B95tGJSkBI95eRX|0000004;text: OK->7/10/2017 3:11:00 PM userId: user43;replyToId: NV
username: user44;conversationId: DwyI90ftzNfIpFQcue8ZsI;messageid: DwyI90ftzNfIpFQcue8ZsI|0000002;;
username: user44;conversationId: DwyI90ftzNfIpFQcue8ZsI;messageid: DwyI90ftzNfIpFQcue8ZsI|0000002;text: OK->7/10/2017 3:11:00 PM userId: user44;replyToId: DwyI90ftzNfIpFQcue8ZsI|0000002
username: user44;conversationId: DwyI90ftzNfIpFQcue8ZsI;messageid: DwyI90ftzNfIpFQcue8ZsI|0000004;;
username: user44;conversationId: DwyI90ftzNfIpFQcue8ZsI;messageid: DwyI90ftzNfIpFQcue8ZsI|0000004;text: OK->7/10/2017 3:11:00 PM userId: user44;replyToId: NV
username: user45;conversationId: DwwWWzXZWwx1giBJSOOUJl;messageid: DwwWWzXZWwx1giBJSOOUJl|0000002;;
username: user45;conversationId: DwwWWzXZWwx1giBJSOOUJl;messageid: DwwWWzXZWwx1giBJSOOUJl|0000002;text: OK->7/10/2017 3:11:00 PM userId: user45;replyToId: DwwWWzXZWwx1giBJSOOUJl|0000002
username: user45;conversationId: DwwWWzXZWwx1giBJSOOUJl;messageid: DwwWWzXZWwx1giBJSOOUJl|0000004;;
username: user45;conversationId: DwwWWzXZWwx1giBJSOOUJl;messageid: DwwWWzXZWwx1giBJSOOUJl|0000004;text: OK->7/10/2017 3:11:00 PM userId: user45;replyToId: NV
username: user46;conversationId: 9Q3Zxn4F35bBvAegIxlDRQ;messageid: 9Q3Zxn4F35bBvAegIxlDRQ|0000002;;
username: user46;conversationId: 9Q3Zxn4F35bBvAegIxlDRQ;messageid: 9Q3Zxn4F35bBvAegIxlDRQ|0000002;text: OK->7/10/2017 3:11:00 PM userId: user46;replyToId: 9Q3Zxn4F35bBvAegIxlDRQ|0000002
username: user46;conversationId: 9Q3Zxn4F35bBvAegIxlDRQ;messageid: 9Q3Zxn4F35bBvAegIxlDRQ|0000004;;
username: user46;conversationId: 9Q3Zxn4F35bBvAegIxlDRQ;messageid: 9Q3Zxn4F35bBvAegIxlDRQ|0000004;text: OK->7/10/2017 3:11:00 PM userId: user46;replyToId: NV
username: user47;conversationId: 7Qd2RSKv8VUFoFa1mZVjwt;messageid: 7Qd2RSKv8VUFoFa1mZVjwt|0000002;;
username: user47;conversationId: 7Qd2RSKv8VUFoFa1mZVjwt;messageid: 7Qd2RSKv8VUFoFa1mZVjwt|0000002;text: OK->7/10/2017 3:11:09 PM userId: user47;replyToId: 7Qd2RSKv8VUFoFa1mZVjwt|0000002
username: user47;conversationId: 7Qd2RSKv8VUFoFa1mZVjwt;messageid: 7Qd2RSKv8VUFoFa1mZVjwt|0000004;;
username: user47;conversationId: 7Qd2RSKv8VUFoFa1mZVjwt;messageid: 7Qd2RSKv8VUFoFa1mZVjwt|0000004;text: OK->7/10/2017 3:11:09 PM userId: user47;replyToId: NV
username: user48;conversationId: DlxB7C3xPx8AH1OG6YwZcs;messageid: DlxB7C3xPx8AH1OG6YwZcs|0000002;;
username: user48;conversationId: DlxB7C3xPx8AH1OG6YwZcs;messageid: DlxB7C3xPx8AH1OG6YwZcs|0000002;text: OK->7/10/2017 3:11:10 PM userId: user48;replyToId: DlxB7C3xPx8AH1OG6YwZcs|0000002
username: user48;conversationId: DlxB7C3xPx8AH1OG6YwZcs;messageid: DlxB7C3xPx8AH1OG6YwZcs|0000004;;
username: user48;conversationId: DlxB7C3xPx8AH1OG6YwZcs;messageid: DlxB7C3xPx8AH1OG6YwZcs|0000004;text: OK->7/10/2017 3:11:10 PM userId: user48;replyToId: NV
username: user49;conversationId: 37RGfdCOrxO5fD3kQorTM7;messageid: 37RGfdCOrxO5fD3kQorTM7|0000002;;
username: user49;conversationId: 37RGfdCOrxO5fD3kQorTM7;messageid: 37RGfdCOrxO5fD3kQorTM7|0000002;text: OK->7/10/2017 3:11:10 PM userId: user49;replyToId: 37RGfdCOrxO5fD3kQorTM7|0000002
username: user49;conversationId: 37RGfdCOrxO5fD3kQorTM7;messageid: 37RGfdCOrxO5fD3kQorTM7|0000004;;
username: user49;conversationId: 37RGfdCOrxO5fD3kQorTM7;messageid: 37RGfdCOrxO5fD3kQorTM7|0000004;text: OK->7/10/2017 3:11:10 PM userId: user49;replyToId: NV
username: user50;conversationId: 3V5eAd7uFk57m39pmcnS1p;messageid: 3V5eAd7uFk57m39pmcnS1p|0000002;;
username: user50;conversationId: 3V5eAd7uFk57m39pmcnS1p;messageid: 3V5eAd7uFk57m39pmcnS1p|0000002;text: OK->7/10/2017 3:11:10 PM userId: user50;replyToId: 3V5eAd7uFk57m39pmcnS1p|0000002
username: user50;conversationId: 3V5eAd7uFk57m39pmcnS1p;messageid: 3V5eAd7uFk57m39pmcnS1p|0000004;;
username: user50;conversationId: 3V5eAd7uFk57m39pmcnS1p;messageid: 3V5eAd7uFk57m39pmcnS1p|0000004;text: OK->7/10/2017 3:11:10 PM userId: user50;replyToId: NV
username: user51;conversationId: Kp2sSe0Ita49eAi6eQX5RY;messageid: Kp2sSe0Ita49eAi6eQX5RY|0000002;;
username: user51;conversationId: Kp2sSe0Ita49eAi6eQX5RY;messageid: Kp2sSe0Ita49eAi6eQX5RY|0000002;text: OK->7/10/2017 3:11:09 PM userId: user51;replyToId: Kp2sSe0Ita49eAi6eQX5RY|0000002
username: user51;conversationId: Kp2sSe0Ita49eAi6eQX5RY;messageid: Kp2sSe0Ita49eAi6eQX5RY|0000004;;
username: user51;conversationId: Kp2sSe0Ita49eAi6eQX5RY;messageid: Kp2sSe0Ita49eAi6eQX5RY|0000004;text: OK->7/10/2017 3:11:09 PM userId: user51;replyToId: NV
username: user52;conversationId: 4GgKP4KglWw3bznAzVlV9D;messageid: 4GgKP4KglWw3bznAzVlV9D|0000002;;
username: user52;conversationId: 4GgKP4KglWw3bznAzVlV9D;messageid: 4GgKP4KglWw3bznAzVlV9D|0000002;text: OK->7/10/2017 3:11:10 PM userId: user52;replyToId: 4GgKP4KglWw3bznAzVlV9D|0000002
username: user52;conversationId: 4GgKP4KglWw3bznAzVlV9D;messageid: 4GgKP4KglWw3bznAzVlV9D|0000004;;
username: user52;conversationId: 4GgKP4KglWw3bznAzVlV9D;messageid: 4GgKP4KglWw3bznAzVlV9D|0000004;text: OK->7/10/2017 3:11:10 PM userId: user52;replyToId: NV
username: user53;conversationId: pOMjDAg8ZmC5ejsthto6X;messageid: pOMjDAg8ZmC5ejsthto6X|0000002;;
username: user53;conversationId: pOMjDAg8ZmC5ejsthto6X;messageid: pOMjDAg8ZmC5ejsthto6X|0000002;text: OK->7/10/2017 3:11:11 PM userId: user53;replyToId: pOMjDAg8ZmC5ejsthto6X|0000002
username: user53;conversationId: pOMjDAg8ZmC5ejsthto6X;messageid: pOMjDAg8ZmC5ejsthto6X|0000004;;
username: user53;conversationId: pOMjDAg8ZmC5ejsthto6X;messageid: pOMjDAg8ZmC5ejsthto6X|0000004;text: OK->7/10/2017 3:11:11 PM userId: user53;replyToId: NV
username: user54;conversationId: F4O649yTvml6x6rpBO9fa1;messageid: F4O649yTvml6x6rpBO9fa1|0000002;text: OK->7/10/2017 3:11:10 PM userId: user54;replyToId: F4O649yTvml6x6rpBO9fa1|0000002
username: user54;conversationId: F4O649yTvml6x6rpBO9fa1;messageid: F4O649yTvml6x6rpBO9fa1|0000004;;
username: user54;conversationId: F4O649yTvml6x6rpBO9fa1;messageid: F4O649yTvml6x6rpBO9fa1|0000004;text: OK->7/10/2017 3:11:10 PM userId: user54;replyToId: NV
username: user55;conversationId: 8LwOAeipub01NR9ID9R6jb;messageid: 8LwOAeipub01NR9ID9R6jb|0000002;;
username: user55;conversationId: 8LwOAeipub01NR9ID9R6jb;messageid: 8LwOAeipub01NR9ID9R6jb|0000002;text: OK->7/10/2017 3:11:11 PM userId: user55;replyToId: 8LwOAeipub01NR9ID9R6jb|0000002
username: user55;conversationId: 8LwOAeipub01NR9ID9R6jb;messageid: 8LwOAeipub01NR9ID9R6jb|0000004;;
username: user55;conversationId: 8LwOAeipub01NR9ID9R6jb;messageid: 8LwOAeipub01NR9ID9R6jb|0000004;text: OK->7/10/2017 3:11:11 PM userId: user55;replyToId: NV
username: user56;conversationId: 9NNeWZVaRCh7liIbbKw1lL;messageid: 9NNeWZVaRCh7liIbbKw1lL|0000002;;
username: user56;conversationId: 9NNeWZVaRCh7liIbbKw1lL;messageid: 9NNeWZVaRCh7liIbbKw1lL|0000002;text: OK->7/10/2017 3:11:11 PM userId: user56;replyToId: 9NNeWZVaRCh7liIbbKw1lL|0000002
username: user56;conversationId: 9NNeWZVaRCh7liIbbKw1lL;messageid: 9NNeWZVaRCh7liIbbKw1lL|0000004;;
username: user56;conversationId: 9NNeWZVaRCh7liIbbKw1lL;messageid: 9NNeWZVaRCh7liIbbKw1lL|0000004;text: OK->7/10/2017 3:11:11 PM userId: user56;replyToId: NV
username: user57;conversationId: AoR0D8povCZDHDUBDpQnDP;messageid: AoR0D8povCZDHDUBDpQnDP|0000002;;
username: user57;conversationId: AoR0D8povCZDHDUBDpQnDP;messageid: AoR0D8povCZDHDUBDpQnDP|0000002;text: OK->7/10/2017 3:11:10 PM userId: user57;replyToId: AoR0D8povCZDHDUBDpQnDP|0000002
username: user57;conversationId: AoR0D8povCZDHDUBDpQnDP;messageid: AoR0D8povCZDHDUBDpQnDP|0000004;;
username: user57;conversationId: AoR0D8povCZDHDUBDpQnDP;messageid: AoR0D8povCZDHDUBDpQnDP|0000004;text: OK->7/10/2017 3:11:10 PM userId: user57;replyToId: NV
username: user58;conversationId: 5uDSZRq9Y0v9g7EAEaEqpj;messageid: 5uDSZRq9Y0v9g7EAEaEqpj|0000002;;
username: user58;conversationId: 5uDSZRq9Y0v9g7EAEaEqpj;messageid: 5uDSZRq9Y0v9g7EAEaEqpj|0000002;text: OK->7/10/2017 3:11:10 PM userId: user58;replyToId: 5uDSZRq9Y0v9g7EAEaEqpj|0000002
username: user58;conversationId: 5uDSZRq9Y0v9g7EAEaEqpj;messageid: 5uDSZRq9Y0v9g7EAEaEqpj|0000004;;
username: user58;conversationId: 5uDSZRq9Y0v9g7EAEaEqpj;messageid: 5uDSZRq9Y0v9g7EAEaEqpj|0000004;text: OK->7/10/2017 3:11:10 PM userId: user58;replyToId: NV
username: user59;conversationId: 3IsIojKcQsSC8yCnE8YXGl;messageid: 3IsIojKcQsSC8yCnE8YXGl|0000002;;
username: user59;conversationId: 3IsIojKcQsSC8yCnE8YXGl;messageid: 3IsIojKcQsSC8yCnE8YXGl|0000002;text: OK->7/10/2017 3:11:11 PM userId: user59;replyToId: 3IsIojKcQsSC8yCnE8YXGl|0000002
username: user59;conversationId: 3IsIojKcQsSC8yCnE8YXGl;messageid: 3IsIojKcQsSC8yCnE8YXGl|0000004;;
username: user60;conversationId: 2I0MEjljONW6q3EuFzZcY;messageid: 2I0MEjljONW6q3EuFzZcY|0000002;;
username: user60;conversationId: 2I0MEjljONW6q3EuFzZcY;messageid: 2I0MEjljONW6q3EuFzZcY|0000002;text: OK->7/10/2017 3:11:11 PM userId: user60;replyToId: 2I0MEjljONW6q3EuFzZcY|0000002
username: user60;conversationId: 2I0MEjljONW6q3EuFzZcY;messageid: 2I0MEjljONW6q3EuFzZcY|0000004;;
username: user60;conversationId: 2I0MEjljONW6q3EuFzZcY;messageid: 2I0MEjljONW6q3EuFzZcY|0000004;text: OK->7/10/2017 3:11:11 PM userId: user60;replyToId: NV
username: user61;conversationId: 6RwB4VNBIaf4X6uL8LMnZ7;messageid: 6RwB4VNBIaf4X6uL8LMnZ7|0000002;;
username: user61;conversationId: 6RwB4VNBIaf4X6uL8LMnZ7;messageid: 6RwB4VNBIaf4X6uL8LMnZ7|0000002;text: OK->7/10/2017 3:11:12 PM userId: user61;replyToId: 6RwB4VNBIaf4X6uL8LMnZ7|0000002
username: user61;conversationId: 6RwB4VNBIaf4X6uL8LMnZ7;messageid: 6RwB4VNBIaf4X6uL8LMnZ7|0000004;;
username: user61;conversationId: 6RwB4VNBIaf4X6uL8LMnZ7;messageid: 6RwB4VNBIaf4X6uL8LMnZ7|0000004;text: OK->7/10/2017 3:11:12 PM userId: user61;replyToId: NV
username: user62;conversationId: eNeKLYZX2ALgY1Z4v5IvB;messageid: eNeKLYZX2ALgY1Z4v5IvB|0000002;;
username: user62;conversationId: eNeKLYZX2ALgY1Z4v5IvB;messageid: eNeKLYZX2ALgY1Z4v5IvB|0000002;text: OK->7/10/2017 3:11:13 PM userId: user62;replyToId: eNeKLYZX2ALgY1Z4v5IvB|0000002
username: user62;conversationId: eNeKLYZX2ALgY1Z4v5IvB;messageid: eNeKLYZX2ALgY1Z4v5IvB|0000004;;
username: user62;conversationId: eNeKLYZX2ALgY1Z4v5IvB;messageid: eNeKLYZX2ALgY1Z4v5IvB|0000004;text: OK->7/10/2017 3:11:13 PM userId: user62;replyToId: NV
username: user63;conversationId: 8OXfp1XjPLTJWWMr2rsc9n;messageid: 8OXfp1XjPLTJWWMr2rsc9n|0000002;;
username: user63;conversationId: 8OXfp1XjPLTJWWMr2rsc9n;messageid: 8OXfp1XjPLTJWWMr2rsc9n|0000002;text: OK->7/10/2017 3:11:13 PM userId: user63;replyToId: 8OXfp1XjPLTJWWMr2rsc9n|0000002
username: user63;conversationId: 8OXfp1XjPLTJWWMr2rsc9n;messageid: 8OXfp1XjPLTJWWMr2rsc9n|0000004;;
username: user63;conversationId: 8OXfp1XjPLTJWWMr2rsc9n;messageid: 8OXfp1XjPLTJWWMr2rsc9n|0000004;text: OK->7/10/2017 3:11:13 PM userId: user63;replyToId: NV
username: user64;conversationId: GhI9wQ51cwFJBDcA4mUrX0;messageid: GhI9wQ51cwFJBDcA4mUrX0|0000002;;
username: user64;conversationId: GhI9wQ51cwFJBDcA4mUrX0;messageid: GhI9wQ51cwFJBDcA4mUrX0|0000002;text: OK->7/10/2017 3:11:13 PM userId: user64;replyToId: GhI9wQ51cwFJBDcA4mUrX0|0000002
username: user64;conversationId: GhI9wQ51cwFJBDcA4mUrX0;messageid: GhI9wQ51cwFJBDcA4mUrX0|0000004;;
username: user64;conversationId: GhI9wQ51cwFJBDcA4mUrX0;messageid: GhI9wQ51cwFJBDcA4mUrX0|0000004;text: OK->7/10/2017 3:11:13 PM userId: user64;replyToId: NV
username: user65;conversationId: 67s2JAq5t562FCJlr47W5a;messageid: 67s2JAq5t562FCJlr47W5a|0000002;;
username: user65;conversationId: 67s2JAq5t562FCJlr47W5a;messageid: 67s2JAq5t562FCJlr47W5a|0000002;text: OK->7/10/2017 3:11:17 PM userId: user65;replyToId: 67s2JAq5t562FCJlr47W5a|0000002
username: user65;conversationId: 67s2JAq5t562FCJlr47W5a;messageid: 67s2JAq5t562FCJlr47W5a|0000004;;
username: user65;conversationId: 67s2JAq5t562FCJlr47W5a;messageid: 67s2JAq5t562FCJlr47W5a|0000004;text: OK->7/10/2017 3:11:17 PM userId: user65;replyToId: NV
username: user66;conversationId: I88Xs7cEqmT9pi4nD68f3g;messageid: I88Xs7cEqmT9pi4nD68f3g|0000002;;
username: user66;conversationId: I88Xs7cEqmT9pi4nD68f3g;messageid: I88Xs7cEqmT9pi4nD68f3g|0000002;text: OK->7/10/2017 3:11:13 PM userId: user66;replyToId: I88Xs7cEqmT9pi4nD68f3g|0000002
username: user66;conversationId: I88Xs7cEqmT9pi4nD68f3g;messageid: I88Xs7cEqmT9pi4nD68f3g|0000004;;
username: user66;conversationId: I88Xs7cEqmT9pi4nD68f3g;messageid: I88Xs7cEqmT9pi4nD68f3g|0000004;text: OK->7/10/2017 3:11:13 PM userId: user66;replyToId: NV
username: user67;conversationId: GR9F7DKoPxB6Up80ExN5Hk;messageid: GR9F7DKoPxB6Up80ExN5Hk|0000002;;
username: user67;conversationId: GR9F7DKoPxB6Up80ExN5Hk;messageid: GR9F7DKoPxB6Up80ExN5Hk|0000002;text: OK->7/10/2017 3:11:22 PM userId: user67;replyToId: GR9F7DKoPxB6Up80ExN5Hk|0000002
username: user67;conversationId: GR9F7DKoPxB6Up80ExN5Hk;messageid: GR9F7DKoPxB6Up80ExN5Hk|0000004;;
username: user67;conversationId: GR9F7DKoPxB6Up80ExN5Hk;messageid: GR9F7DKoPxB6Up80ExN5Hk|0000004;text: OK->7/10/2017 3:11:22 PM userId: user67;replyToId: NV
username: user68;conversationId: Dvq4tBFvYA4HMhAGmadL9E;messageid: Dvq4tBFvYA4HMhAGmadL9E|0000002;;
username: user68;conversationId: Dvq4tBFvYA4HMhAGmadL9E;messageid: Dvq4tBFvYA4HMhAGmadL9E|0000002;text: OK->7/10/2017 3:11:23 PM userId: user68;replyToId: Dvq4tBFvYA4HMhAGmadL9E|0000002
username: user68;conversationId: Dvq4tBFvYA4HMhAGmadL9E;messageid: Dvq4tBFvYA4HMhAGmadL9E|0000004;;
username: user68;conversationId: Dvq4tBFvYA4HMhAGmadL9E;messageid: Dvq4tBFvYA4HMhAGmadL9E|0000004;text: OK->7/10/2017 3:11:23 PM userId: user68;replyToId: NV
username: user69;conversationId: GjmzwfNVp8jKuzxF9uuUg0;messageid: GjmzwfNVp8jKuzxF9uuUg0|0000002;;
username: user69;conversationId: GjmzwfNVp8jKuzxF9uuUg0;messageid: GjmzwfNVp8jKuzxF9uuUg0|0000002;text: OK->7/10/2017 3:11:25 PM userId: user69;replyToId: GjmzwfNVp8jKuzxF9uuUg0|0000002
username: user69;conversationId: GjmzwfNVp8jKuzxF9uuUg0;messageid: GjmzwfNVp8jKuzxF9uuUg0|0000004;;
username: user69;conversationId: GjmzwfNVp8jKuzxF9uuUg0;messageid: GjmzwfNVp8jKuzxF9uuUg0|0000004;text: OK->7/10/2017 3:11:25 PM userId: user69;replyToId: NV
username: user70;conversationId: 4oxNBdYrtEU25UumHZeN88;messageid: 4oxNBdYrtEU25UumHZeN88|0000002;;
username: user70;conversationId: 4oxNBdYrtEU25UumHZeN88;messageid: 4oxNBdYrtEU25UumHZeN88|0000002;text: OK->7/10/2017 3:11:27 PM userId: user70;replyToId: 4oxNBdYrtEU25UumHZeN88|0000002
username: user70;conversationId: 4oxNBdYrtEU25UumHZeN88;messageid: 4oxNBdYrtEU25UumHZeN88|0000004;;
username: user70;conversationId: 4oxNBdYrtEU25UumHZeN88;messageid: 4oxNBdYrtEU25UumHZeN88|0000004;text: OK->7/10/2017 3:11:27 PM userId: user70;replyToId: NV
username: user71;conversationId: H7C825JYAy3JlhUqRjucj5;messageid: H7C825JYAy3JlhUqRjucj5|0000002;;
username: user71;conversationId: H7C825JYAy3JlhUqRjucj5;messageid: H7C825JYAy3JlhUqRjucj5|0000002;text: OK->7/10/2017 3:11:26 PM userId: user71;replyToId: H7C825JYAy3JlhUqRjucj5|0000002
username: user71;conversationId: H7C825JYAy3JlhUqRjucj5;messageid: H7C825JYAy3JlhUqRjucj5|0000004;;
username: user71;conversationId: H7C825JYAy3JlhUqRjucj5;messageid: H7C825JYAy3JlhUqRjucj5|0000004;text: OK->7/10/2017 3:11:26 PM userId: user71;replyToId: NV
username: user72;conversationId: 74mn3UwkpDmHhIS6dHJkh9;messageid: 74mn3UwkpDmHhIS6dHJkh9|0000002;;
username: user72;conversationId: 74mn3UwkpDmHhIS6dHJkh9;messageid: 74mn3UwkpDmHhIS6dHJkh9|0000002;text: OK->7/10/2017 3:11:27 PM userId: user72;replyToId: 74mn3UwkpDmHhIS6dHJkh9|0000002
username: user72;conversationId: 74mn3UwkpDmHhIS6dHJkh9;messageid: 74mn3UwkpDmHhIS6dHJkh9|0000004;;
username: user72;conversationId: 74mn3UwkpDmHhIS6dHJkh9;messageid: 74mn3UwkpDmHhIS6dHJkh9|0000004;text: OK->7/10/2017 3:11:27 PM userId: user72;replyToId: NV
username: user73;conversationId: JjZJnmj5WY35s2fwfINsQ1;messageid: JjZJnmj5WY35s2fwfINsQ1|0000002;;
username: user73;conversationId: JjZJnmj5WY35s2fwfINsQ1;messageid: JjZJnmj5WY35s2fwfINsQ1|0000002;text: OK->7/10/2017 3:11:27 PM userId: user73;replyToId: JjZJnmj5WY35s2fwfINsQ1|0000002
username: user73;conversationId: JjZJnmj5WY35s2fwfINsQ1;messageid: JjZJnmj5WY35s2fwfINsQ1|0000004;;
username: user73;conversationId: JjZJnmj5WY35s2fwfINsQ1;messageid: JjZJnmj5WY35s2fwfINsQ1|0000004;text: OK->7/10/2017 3:11:27 PM userId: user73;replyToId: NV
username: user74;conversationId: AtD7gI72H775ZI1nd7s3YI;messageid: AtD7gI72H775ZI1nd7s3YI|0000002;;
username: user74;conversationId: AtD7gI72H775ZI1nd7s3YI;messageid: AtD7gI72H775ZI1nd7s3YI|0000002;text: OK->7/10/2017 3:11:28 PM userId: user74;replyToId: AtD7gI72H775ZI1nd7s3YI|0000002
username: user74;conversationId: AtD7gI72H775ZI1nd7s3YI;messageid: AtD7gI72H775ZI1nd7s3YI|0000004;;
username: user74;conversationId: AtD7gI72H775ZI1nd7s3YI;messageid: AtD7gI72H775ZI1nd7s3YI|0000004;text: OK->7/10/2017 3:11:28 PM userId: user74;replyToId: NV
username: user75;conversationId: DMBKoaUtXyA8sZ3c6VLacl;messageid: DMBKoaUtXyA8sZ3c6VLacl|0000002;;
username: user75;conversationId: DMBKoaUtXyA8sZ3c6VLacl;messageid: DMBKoaUtXyA8sZ3c6VLacl|0000002;text: OK->7/10/2017 3:11:27 PM userId: user75;replyToId: DMBKoaUtXyA8sZ3c6VLacl|0000002
username: user75;conversationId: DMBKoaUtXyA8sZ3c6VLacl;messageid: DMBKoaUtXyA8sZ3c6VLacl|0000004;;
username: user75;conversationId: DMBKoaUtXyA8sZ3c6VLacl;messageid: DMBKoaUtXyA8sZ3c6VLacl|0000004;text: OK->7/10/2017 3:11:27 PM userId: user75;replyToId: NV
username: user76;conversationId: 1q4SHo1GzP42NYwOyAtaJG;messageid: 1q4SHo1GzP42NYwOyAtaJG|0000002;;
username: user76;conversationId: 1q4SHo1GzP42NYwOyAtaJG;messageid: 1q4SHo1GzP42NYwOyAtaJG|0000002;text: OK->7/10/2017 3:11:27 PM userId: user76;replyToId: 1q4SHo1GzP42NYwOyAtaJG|0000002
username: user76;conversationId: 1q4SHo1GzP42NYwOyAtaJG;messageid: 1q4SHo1GzP42NYwOyAtaJG|0000004;;
username: user76;conversationId: 1q4SHo1GzP42NYwOyAtaJG;messageid: 1q4SHo1GzP42NYwOyAtaJG|0000004;text: OK->7/10/2017 3:11:27 PM userId: user76;replyToId: NV
username: user77;conversationId: DqumawHN1y56vkig5Gc4mQ;messageid: DqumawHN1y56vkig5Gc4mQ|0000002;;
username: user77;conversationId: DqumawHN1y56vkig5Gc4mQ;messageid: DqumawHN1y56vkig5Gc4mQ|0000002;text: OK->7/10/2017 3:11:27 PM userId: user77;replyToId: DqumawHN1y56vkig5Gc4mQ|0000002
username: user77;conversationId: DqumawHN1y56vkig5Gc4mQ;messageid: DqumawHN1y56vkig5Gc4mQ|0000004;;
username: user77;conversationId: DqumawHN1y56vkig5Gc4mQ;messageid: DqumawHN1y56vkig5Gc4mQ|0000004;text: OK->7/10/2017 3:11:27 PM userId: user77;replyToId: NV
username: user78;conversationId: 4A64uW4vGXt2ekbfq3FNwz;messageid: 4A64uW4vGXt2ekbfq3FNwz|0000002;;
username: user78;conversationId: 4A64uW4vGXt2ekbfq3FNwz;messageid: 4A64uW4vGXt2ekbfq3FNwz|0000002;text: OK->7/10/2017 3:11:26 PM userId: user78;replyToId: 4A64uW4vGXt2ekbfq3FNwz|0000002
username: user78;conversationId: 4A64uW4vGXt2ekbfq3FNwz;messageid: 4A64uW4vGXt2ekbfq3FNwz|0000004;;
username: user78;conversationId: 4A64uW4vGXt2ekbfq3FNwz;messageid: 4A64uW4vGXt2ekbfq3FNwz|0000004;text: OK->7/10/2017 3:11:26 PM userId: user78;replyToId: NV
username: user79;conversationId: GOV5NSkPCuECLuSVzOMaq5;messageid: GOV5NSkPCuECLuSVzOMaq5|0000002;;
username: user79;conversationId: GOV5NSkPCuECLuSVzOMaq5;messageid: GOV5NSkPCuECLuSVzOMaq5|0000002;text: OK->7/10/2017 3:11:27 PM userId: user79;replyToId: GOV5NSkPCuECLuSVzOMaq5|0000002
username: user79;conversationId: GOV5NSkPCuECLuSVzOMaq5;messageid: GOV5NSkPCuECLuSVzOMaq5|0000004;;
username: user79;conversationId: GOV5NSkPCuECLuSVzOMaq5;messageid: GOV5NSkPCuECLuSVzOMaq5|0000004;text: OK->7/10/2017 3:11:27 PM userId: user79;replyToId: NV
username: user80;conversationId: Bk43CcTWVtAKUezl1lxKM2;messageid: Bk43CcTWVtAKUezl1lxKM2|0000002;;
username: user80;conversationId: Bk43CcTWVtAKUezl1lxKM2;messageid: Bk43CcTWVtAKUezl1lxKM2|0000002;text: OK->7/10/2017 3:11:27 PM userId: user80;replyToId: Bk43CcTWVtAKUezl1lxKM2|0000002
username: user80;conversationId: Bk43CcTWVtAKUezl1lxKM2;messageid: Bk43CcTWVtAKUezl1lxKM2|0000004;;
username: user80;conversationId: Bk43CcTWVtAKUezl1lxKM2;messageid: Bk43CcTWVtAKUezl1lxKM2|0000004;text: OK->7/10/2017 3:11:27 PM userId: user80;replyToId: NV
username: user81;conversationId: 6mUMRAY8WhxCKffWBM98FI;messageid: 6mUMRAY8WhxCKffWBM98FI|0000002;;
username: user81;conversationId: 6mUMRAY8WhxCKffWBM98FI;messageid: 6mUMRAY8WhxCKffWBM98FI|0000002;text: OK->7/10/2017 3:11:28 PM userId: user81;replyToId: 6mUMRAY8WhxCKffWBM98FI|0000002
username: user81;conversationId: 6mUMRAY8WhxCKffWBM98FI;messageid: 6mUMRAY8WhxCKffWBM98FI|0000004;;
username: user81;conversationId: 6mUMRAY8WhxCKffWBM98FI;messageid: 6mUMRAY8WhxCKffWBM98FI|0000004;text: OK->7/10/2017 3:11:28 PM userId: user81;replyToId: NV
username: user82;conversationId: CqrP0Ti1EucFiAR4WlKQXp;messageid: CqrP0Ti1EucFiAR4WlKQXp|0000002;;
username: user82;conversationId: CqrP0Ti1EucFiAR4WlKQXp;messageid: CqrP0Ti1EucFiAR4WlKQXp|0000002;text: OK->7/10/2017 3:11:28 PM userId: user82;replyToId: CqrP0Ti1EucFiAR4WlKQXp|0000002
username: user82;conversationId: CqrP0Ti1EucFiAR4WlKQXp;messageid: CqrP0Ti1EucFiAR4WlKQXp|0000004;;
username: user82;conversationId: CqrP0Ti1EucFiAR4WlKQXp;messageid: CqrP0Ti1EucFiAR4WlKQXp|0000004;text: OK->7/10/2017 3:11:28 PM userId: user82;replyToId: NV
username: user83;conversationId: KKPpWbfdY5Q303YVxg9Phc;messageid: KKPpWbfdY5Q303YVxg9Phc|0000002;;
username: user83;conversationId: KKPpWbfdY5Q303YVxg9Phc;messageid: KKPpWbfdY5Q303YVxg9Phc|0000002;text: OK->7/10/2017 3:11:27 PM userId: user83;replyToId: KKPpWbfdY5Q303YVxg9Phc|0000002
username: user83;conversationId: KKPpWbfdY5Q303YVxg9Phc;messageid: KKPpWbfdY5Q303YVxg9Phc|0000004;;
username: user83;conversationId: KKPpWbfdY5Q303YVxg9Phc;messageid: KKPpWbfdY5Q303YVxg9Phc|0000004;text: OK->7/10/2017 3:11:27 PM userId: user83;replyToId: NV
username: user84;conversationId: 2WBqlVowVoUJqX2ARXQhE5;messageid: 2WBqlVowVoUJqX2ARXQhE5|0000002;;
username: user84;conversationId: 2WBqlVowVoUJqX2ARXQhE5;messageid: 2WBqlVowVoUJqX2ARXQhE5|0000002;text: OK->7/10/2017 3:11:28 PM userId: user84;replyToId: 2WBqlVowVoUJqX2ARXQhE5|0000002
username: user84;conversationId: 2WBqlVowVoUJqX2ARXQhE5;messageid: 2WBqlVowVoUJqX2ARXQhE5|0000004;;
username: user84;conversationId: 2WBqlVowVoUJqX2ARXQhE5;messageid: 2WBqlVowVoUJqX2ARXQhE5|0000004;text: OK->7/10/2017 3:11:28 PM userId: user84;replyToId: NV
username: user85;conversationId: Apr97UDu22aHN6aPZpnomL;messageid: Apr97UDu22aHN6aPZpnomL|0000002;;
username: user85;conversationId: Apr97UDu22aHN6aPZpnomL;messageid: Apr97UDu22aHN6aPZpnomL|0000002;text: OK->7/10/2017 3:11:29 PM userId: user85;replyToId: Apr97UDu22aHN6aPZpnomL|0000002
username: user85;conversationId: Apr97UDu22aHN6aPZpnomL;messageid: Apr97UDu22aHN6aPZpnomL|0000004;;
username: user85;conversationId: Apr97UDu22aHN6aPZpnomL;messageid: Apr97UDu22aHN6aPZpnomL|0000004;text: OK->7/10/2017 3:11:29 PM userId: user85;replyToId: NV
username: user86;conversationId: HiXa0ydci01FORiz5RhZB3;messageid: HiXa0ydci01FORiz5RhZB3|0000002;;
username: user86;conversationId: HiXa0ydci01FORiz5RhZB3;messageid: HiXa0ydci01FORiz5RhZB3|0000002;text: OK->7/10/2017 3:11:29 PM userId: user86;replyToId: HiXa0ydci01FORiz5RhZB3|0000002
username: user86;conversationId: HiXa0ydci01FORiz5RhZB3;messageid: HiXa0ydci01FORiz5RhZB3|0000004;;
username: user86;conversationId: HiXa0ydci01FORiz5RhZB3;messageid: HiXa0ydci01FORiz5RhZB3|0000004;text: OK->7/10/2017 3:11:29 PM userId: user86;replyToId: NV
username: user87;conversationId: 1NoCbsBnZQO4W3ryj2zG4C;messageid: 1NoCbsBnZQO4W3ryj2zG4C|0000002;;
username: user87;conversationId: 1NoCbsBnZQO4W3ryj2zG4C;messageid: 1NoCbsBnZQO4W3ryj2zG4C|0000002;text: OK->7/10/2017 3:11:35 PM userId: user87;replyToId: 1NoCbsBnZQO4W3ryj2zG4C|0000002
username: user87;conversationId: 1NoCbsBnZQO4W3ryj2zG4C;messageid: 1NoCbsBnZQO4W3ryj2zG4C|0000004;;
username: user87;conversationId: 1NoCbsBnZQO4W3ryj2zG4C;messageid: 1NoCbsBnZQO4W3ryj2zG4C|0000004;text: OK->7/10/2017 3:11:35 PM userId: user87;replyToId: NV
username: user88;conversationId: 1hv7C9Qi8iHB0OTL0Fj3vc;messageid: 1hv7C9Qi8iHB0OTL0Fj3vc|0000002;;
username: user88;conversationId: 1hv7C9Qi8iHB0OTL0Fj3vc;messageid: 1hv7C9Qi8iHB0OTL0Fj3vc|0000002;text: OK->7/10/2017 3:11:38 PM userId: user88;replyToId: 1hv7C9Qi8iHB0OTL0Fj3vc|0000002
username: user88;conversationId: 1hv7C9Qi8iHB0OTL0Fj3vc;messageid: 1hv7C9Qi8iHB0OTL0Fj3vc|0000004;;
username: user88;conversationId: 1hv7C9Qi8iHB0OTL0Fj3vc;messageid: 1hv7C9Qi8iHB0OTL0Fj3vc|0000004;text: OK->7/10/2017 3:11:38 PM userId: user88;replyToId: NV
username: user89;conversationId: 3c5jnPbLkT2EX4ifk9jEPr;messageid: 3c5jnPbLkT2EX4ifk9jEPr|0000002;;
username: user89;conversationId: 3c5jnPbLkT2EX4ifk9jEPr;messageid: 3c5jnPbLkT2EX4ifk9jEPr|0000002;text: OK->7/10/2017 3:11:38 PM userId: user89;replyToId: 3c5jnPbLkT2EX4ifk9jEPr|0000002
username: user89;conversationId: 3c5jnPbLkT2EX4ifk9jEPr;messageid: 3c5jnPbLkT2EX4ifk9jEPr|0000004;;
username: user89;conversationId: 3c5jnPbLkT2EX4ifk9jEPr;messageid: 3c5jnPbLkT2EX4ifk9jEPr|0000004;text: OK->7/10/2017 3:11:38 PM userId: user89;replyToId: NV
username: user90;conversationId: 9ynv6x69ZfT2uMdbsaZuYu;messageid: 9ynv6x69ZfT2uMdbsaZuYu|0000002;;
username: user90;conversationId: 9ynv6x69ZfT2uMdbsaZuYu;messageid: 9ynv6x69ZfT2uMdbsaZuYu|0000002;text: OK->7/10/2017 3:11:39 PM userId: user90;replyToId: 9ynv6x69ZfT2uMdbsaZuYu|0000002
username: user90;conversationId: 9ynv6x69ZfT2uMdbsaZuYu;messageid: 9ynv6x69ZfT2uMdbsaZuYu|0000004;;
username: user90;conversationId: 9ynv6x69ZfT2uMdbsaZuYu;messageid: 9ynv6x69ZfT2uMdbsaZuYu|0000004;text: OK->7/10/2017 3:11:39 PM userId: user90;replyToId: NV
username: user91;conversationId: 83CYu6gDjNtHBO5j0RUWkV;messageid: 83CYu6gDjNtHBO5j0RUWkV|0000002;;
username: user91;conversationId: 83CYu6gDjNtHBO5j0RUWkV;messageid: 83CYu6gDjNtHBO5j0RUWkV|0000002;text: OK->7/10/2017 3:11:41 PM userId: user91;replyToId: 83CYu6gDjNtHBO5j0RUWkV|0000002
username: user91;conversationId: 83CYu6gDjNtHBO5j0RUWkV;messageid: 83CYu6gDjNtHBO5j0RUWkV|0000004;;
username: user91;conversationId: 83CYu6gDjNtHBO5j0RUWkV;messageid: 83CYu6gDjNtHBO5j0RUWkV|0000004;text: OK->7/10/2017 3:11:41 PM userId: user91;replyToId: NV
username: user92;conversationId: 6TqNZsxEiFx35yPRcGWCXf;messageid: 6TqNZsxEiFx35yPRcGWCXf|0000002;;
username: user92;conversationId: 6TqNZsxEiFx35yPRcGWCXf;messageid: 6TqNZsxEiFx35yPRcGWCXf|0000002;text: OK->7/10/2017 3:11:42 PM userId: user92;replyToId: 6TqNZsxEiFx35yPRcGWCXf|0000002
username: user92;conversationId: 6TqNZsxEiFx35yPRcGWCXf;messageid: 6TqNZsxEiFx35yPRcGWCXf|0000004;;
username: user92;conversationId: 6TqNZsxEiFx35yPRcGWCXf;messageid: 6TqNZsxEiFx35yPRcGWCXf|0000004;text: OK->7/10/2017 3:11:42 PM userId: user92;replyToId: NV
username: user93;conversationId: HzKMMBODxvV9ZFQqyVU8yb;messageid: HzKMMBODxvV9ZFQqyVU8yb|0000002;;
username: user93;conversationId: HzKMMBODxvV9ZFQqyVU8yb;messageid: HzKMMBODxvV9ZFQqyVU8yb|0000002;text: OK->7/10/2017 3:11:41 PM userId: user93;replyToId: HzKMMBODxvV9ZFQqyVU8yb|0000002
username: user93;conversationId: HzKMMBODxvV9ZFQqyVU8yb;messageid: HzKMMBODxvV9ZFQqyVU8yb|0000004;;
username: user93;conversationId: HzKMMBODxvV9ZFQqyVU8yb;messageid: HzKMMBODxvV9ZFQqyVU8yb|0000004;text: OK->7/10/2017 3:11:41 PM userId: user93;replyToId: NV
username: user94;conversationId: CwE0k6DbG999FDLnVLalkQ;messageid: CwE0k6DbG999FDLnVLalkQ|0000002;;
username: user94;conversationId: CwE0k6DbG999FDLnVLalkQ;messageid: CwE0k6DbG999FDLnVLalkQ|0000002;text: OK->7/10/2017 3:11:42 PM userId: user94;replyToId: CwE0k6DbG999FDLnVLalkQ|0000002
username: user94;conversationId: CwE0k6DbG999FDLnVLalkQ;messageid: CwE0k6DbG999FDLnVLalkQ|0000004;;
username: user94;conversationId: CwE0k6DbG999FDLnVLalkQ;messageid: CwE0k6DbG999FDLnVLalkQ|0000004;text: OK->7/10/2017 3:11:42 PM userId: user94;replyToId: NV
username: user95;conversationId: KbHJB0DNWieCGvepdF2qGT;messageid: KbHJB0DNWieCGvepdF2qGT|0000002;;
username: user95;conversationId: KbHJB0DNWieCGvepdF2qGT;messageid: KbHJB0DNWieCGvepdF2qGT|0000002;text: OK->7/10/2017 3:11:42 PM userId: user95;replyToId: KbHJB0DNWieCGvepdF2qGT|0000002
username: user95;conversationId: KbHJB0DNWieCGvepdF2qGT;messageid: KbHJB0DNWieCGvepdF2qGT|0000004;;
username: user95;conversationId: KbHJB0DNWieCGvepdF2qGT;messageid: KbHJB0DNWieCGvepdF2qGT|0000004;text: OK->7/10/2017 3:11:42 PM userId: user95;replyToId: NV
username: user96;conversationId: 1XsUO8qRZPq2SfpLNHGjvi;messageid: 1XsUO8qRZPq2SfpLNHGjvi|0000002;;
username: user96;conversationId: 1XsUO8qRZPq2SfpLNHGjvi;messageid: 1XsUO8qRZPq2SfpLNHGjvi|0000002;text: OK->7/10/2017 3:11:42 PM userId: user96;replyToId: 1XsUO8qRZPq2SfpLNHGjvi|0000002
username: user96;conversationId: 1XsUO8qRZPq2SfpLNHGjvi;messageid: 1XsUO8qRZPq2SfpLNHGjvi|0000004;;
username: user96;conversationId: 1XsUO8qRZPq2SfpLNHGjvi;messageid: 1XsUO8qRZPq2SfpLNHGjvi|0000004;text: OK->7/10/2017 3:11:42 PM userId: user96;replyToId: NV
username: user97;conversationId: J01fOhlQEz04hNCQxncgNJ;messageid: J01fOhlQEz04hNCQxncgNJ|0000002;;
username: user97;conversationId: J01fOhlQEz04hNCQxncgNJ;messageid: J01fOhlQEz04hNCQxncgNJ|0000002;text: OK->7/10/2017 3:11:42 PM userId: user97;replyToId: J01fOhlQEz04hNCQxncgNJ|0000002
username: user97;conversationId: J01fOhlQEz04hNCQxncgNJ;messageid: J01fOhlQEz04hNCQxncgNJ|0000004;;
username: user97;conversationId: J01fOhlQEz04hNCQxncgNJ;messageid: J01fOhlQEz04hNCQxncgNJ|0000004;text: OK->7/10/2017 3:11:42 PM userId: user97;replyToId: NV
username: user98;conversationId: K74P2mwANzBLpcI4YFuHIX;messageid: K74P2mwANzBLpcI4YFuHIX|0000002;;
username: user98;conversationId: K74P2mwANzBLpcI4YFuHIX;messageid: K74P2mwANzBLpcI4YFuHIX|0000002;text: OK->7/10/2017 3:11:42 PM userId: user98;replyToId: K74P2mwANzBLpcI4YFuHIX|0000002
username: user98;conversationId: K74P2mwANzBLpcI4YFuHIX;messageid: K74P2mwANzBLpcI4YFuHIX|0000004;;
username: user98;conversationId: K74P2mwANzBLpcI4YFuHIX;messageid: K74P2mwANzBLpcI4YFuHIX|0000004;text: OK->7/10/2017 3:11:42 PM userId: user98;replyToId: NV
username: user99;conversationId: 6M7pgAChcipJNGLj8OWbi8;messageid: 6M7pgAChcipJNGLj8OWbi8|0000002;;
username: user99;conversationId: 6M7pgAChcipJNGLj8OWbi8;messageid: 6M7pgAChcipJNGLj8OWbi8|0000002;text: OK->7/10/2017 3:11:42 PM userId: user99;replyToId: 6M7pgAChcipJNGLj8OWbi8|0000002
username: user99;conversationId: 6M7pgAChcipJNGLj8OWbi8;messageid: 6M7pgAChcipJNGLj8OWbi8|0000004;;
username: user99;conversationId: 6M7pgAChcipJNGLj8OWbi8;messageid: 6M7pgAChcipJNGLj8OWbi8|0000004;text: OK->7/10/2017 3:11:42 PM userId: user99;replyToId: NV
